strategy,pairId,type,shouldMatch,resumeId,jobId,chunkSize,chunkOverlap,topK,threshold,chunkCount,goldRelevant,selectedChunks,tp,fp,fn,chunkPrecision,chunkRecall,chunkF1,predictedEvidenceGate,pairCorrect,evidenceChars,evidenceUtf8Bytes,fullTextChars,fullTextUtf8Bytes
full_text,P1,positive,true,java-backend-chen,java-backend-payment,600,80,0,0.000000,3,3,3,3,0,0,1.000000,1.000000,1.000000,true,true,1491,3341,1491,3341
rag,P1,positive,true,java-backend-chen,java-backend-payment,600,80,1,0.650000,3,3,1,1,0,2,1.000000,0.333333,0.500000,true,true,569,1185,1491,3341
rag,P1,positive,true,java-backend-chen,java-backend-payment,600,80,1,0.700000,3,3,1,1,0,2,1.000000,0.333333,0.500000,true,true,569,1185,1491,3341
rag,P1,positive,true,java-backend-chen,java-backend-payment,600,80,1,0.720000,3,3,1,1,0,2,1.000000,0.333333,0.500000,true,true,569,1185,1491,3341
rag,P1,positive,true,java-backend-chen,java-backend-payment,600,80,1,0.750000,3,3,1,1,0,2,1.000000,0.333333,0.500000,true,true,569,1185,1491,3341
rag,P1,positive,true,java-backend-chen,java-backend-payment,600,80,1,0.800000,3,3,1,1,0,2,1.000000,0.333333,0.500000,true,true,569,1185,1491,3341
rag,P1,positive,true,java-backend-chen,java-backend-payment,600,80,3,0.650000,3,3,3,3,0,0,1.000000,1.000000,1.000000,true,true,1599,3679,1491,3341
rag,P1,positive,true,java-backend-chen,java-backend-payment,600,80,3,0.700000,3,3,3,3,0,0,1.000000,1.000000,1.000000,true,true,1599,3679,1491,3341
rag,P1,positive,true,java-backend-chen,java-backend-payment,600,80,3,0.720000,3,3,3,3,0,0,1.000000,1.000000,1.000000,true,true,1599,3679,1491,3341
rag,P1,positive,true,java-backend-chen,java-backend-payment,600,80,3,0.750000,3,3,3,3,0,0,1.000000,1.000000,1.000000,true,true,1599,3679,1491,3341
rag,P1,positive,true,java-backend-chen,java-backend-payment,600,80,3,0.800000,3,3,2,2,0,1,1.000000,0.666667,0.800000,true,true,1163,2605,1491,3341
rag,P1,positive,true,java-backend-chen,java-backend-payment,600,80,5,0.650000,3,3,3,3,0,0,1.000000,1.000000,1.000000,true,true,1599,3679,1491,3341
rag,P1,positive,true,java-backend-chen,java-backend-payment,600,80,5,0.700000,3,3,3,3,0,0,1.000000,1.000000,1.000000,true,true,1599,3679,1491,3341
rag,P1,positive,true,java-backend-chen,java-backend-payment,600,80,5,0.720000,3,3,3,3,0,0,1.000000,1.000000,1.000000,true,true,1599,3679,1491,3341
rag,P1,positive,true,java-backend-chen,java-backend-payment,600,80,5,0.750000,3,3,3,3,0,0,1.000000,1.000000,1.000000,true,true,1599,3679,1491,3341
rag,P1,positive,true,java-backend-chen,java-backend-payment,600,80,5,0.800000,3,3,2,2,0,1,1.000000,0.666667,0.800000,true,true,1163,2605,1491,3341
full_text,P2,positive,true,frontend-lin,frontend-react,600,80,0,0.000000,3,3,3,3,0,0,1.000000,1.000000,1.000000,true,true,1453,3017,1453,3017
rag,P2,positive,true,frontend-lin,frontend-react,600,80,1,0.650000,3,3,1,1,0,2,1.000000,0.333333,0.500000,true,true,599,1187,1453,3017
rag,P2,positive,true,frontend-lin,frontend-react,600,80,1,0.700000,3,3,1,1,0,2,1.000000,0.333333,0.500000,true,true,599,1187,1453,3017
rag,P2,positive,true,frontend-lin,frontend-react,600,80,1,0.720000,3,3,1,1,0,2,1.000000,0.333333,0.500000,true,true,599,1187,1453,3017
rag,P2,positive,true,frontend-lin,frontend-react,600,80,1,0.750000,3,3,1,1,0,2,1.000000,0.333333,0.500000,true,true,599,1187,1453,3017
rag,P2,positive,true,frontend-lin,frontend-react,600,80,1,0.800000,3,3,1,1,0,2,1.000000,0.333333,0.500000,true,true,599,1187,1453,3017
rag,P2,positive,true,frontend-lin,frontend-react,600,80,3,0.650000,3,3,3,3,0,0,1.000000,1.000000,1.000000,true,true,1562,3348,1453,3017
rag,P2,positive,true,frontend-lin,frontend-react,600,80,3,0.700000,3,3,3,3,0,0,1.000000,1.000000,1.000000,true,true,1562,3348,1453,3017
rag,P2,positive,true,frontend-lin,frontend-react,600,80,3,0.720000,3,3,3,3,0,0,1.000000,1.000000,1.000000,true,true,1562,3348,1453,3017
rag,P2,positive,true,frontend-lin,frontend-react,600,80,3,0.750000,3,3,3,3,0,0,1.000000,1.000000,1.000000,true,true,1562,3348,1453,3017
rag,P2,positive,true,frontend-lin,frontend-react,600,80,3,0.800000,3,3,3,3,0,0,1.000000,1.000000,1.000000,true,true,1562,3348,1453,3017
rag,P2,positive,true,frontend-lin,frontend-react,600,80,5,0.650000,3,3,3,3,0,0,1.000000,1.000000,1.000000,true,true,1562,3348,1453,3017
rag,P2,positive,true,frontend-lin,frontend-react,600,80,5,0.700000,3,3,3,3,0,0,1.000000,1.000000,1.000000,true,true,1562,3348,1453,3017
rag,P2,positive,true,frontend-lin,frontend-react,600,80,5,0.720000,3,3,3,3,0,0,1.000000,1.000000,1.000000,true,true,1562,3348,1453,3017
rag,P2,positive,true,frontend-lin,frontend-react,600,80,5,0.750000,3,3,3,3,0,0,1.000000,1.000000,1.000000,true,true,1562,3348,1453,3017
rag,P2,positive,true,frontend-lin,frontend-react,600,80,5,0.800000,3,3,3,3,0,0,1.000000,1.000000,1.000000,true,true,1562,3348,1453,3017
full_text,P3,positive,true,algorithm-zhou,algorithm-recsys,600,80,0,0.000000,3,3,3,3,0,0,1.000000,1.000000,1.000000,true,true,1182,2702,1182,2702
rag,P3,positive,true,algorithm-zhou,algorithm-recsys,600,80,1,0.650000,3,3,1,1,0,2,1.000000,0.333333,0.500000,true,true,584,1446,1182,2702
rag,P3,positive,true,algorithm-zhou,algorithm-recsys,600,80,1,0.700000,3,3,1,1,0,2,1.000000,0.333333,0.500000,true,true,584,1446,1182,2702
rag,P3,positive,true,algorithm-zhou,algorithm-recsys,600,80,1,0.720000,3,3,1,1,0,2,1.000000,0.333333,0.500000,true,true,584,1446,1182,2702
rag,P3,positive,true,algorithm-zhou,algorithm-recsys,600,80,1,0.750000,3,3,1,1,0,2,1.000000,0.333333,0.500000,true,true,584,1446,1182,2702
rag,P3,positive,true,algorithm-zhou,algorithm-recsys,600,80,1,0.800000,3,3,1,1,0,2,1.000000,0.333333,0.500000,true,true,584,1446,1182,2702
rag,P3,positive,true,algorithm-zhou,algorithm-recsys,600,80,3,0.650000,3,3,3,3,0,0,1.000000,1.000000,1.000000,true,true,1298,3036,1182,2702
rag,P3,positive,true,algorithm-zhou,algorithm-recsys,600,80,3,0.700000,3,3,3,3,0,0,1.000000,1.000000,1.000000,true,true,1298,3036,1182,2702
rag,P3,positive,true,algorithm-zhou,algorithm-recsys,600,80,3,0.720000,3,3,3,3,0,0,1.000000,1.000000,1.000000,true,true,1298,3036,1182,2702
rag,P3,positive,true,algorithm-zhou,algorithm-recsys,600,80,3,0.750000,3,3,2,2,0,1,1.000000,0.666667,0.800000,true,true,1185,2739,1182,2702
rag,P3,positive,true,algorithm-zhou,algorithm-recsys,600,80,3,0.800000,3,3,2,2,0,1,1.000000,0.666667,0.800000,true,true,1185,2739,1182,2702
rag,P3,positive,true,algorithm-zhou,algorithm-recsys,600,80,5,0.650000,3,3,3,3,0,0,1.000000,1.000000,1.000000,true,true,1298,3036,1182,2702
rag,P3,positive,true,algorithm-zhou,algorithm-recsys,600,80,5,0.700000,3,3,3,3,0,0,1.000000,1.000000,1.000000,true,true,1298,3036,1182,2702
rag,P3,positive,true,algorithm-zhou,algorithm-recsys,600,80,5,0.720000,3,3,3,3,0,0,1.000000,1.000000,1.000000,true,true,1298,3036,1182,2702
rag,P3,positive,true,algorithm-zhou,algorithm-recsys,600,80,5,0.750000,3,3,2,2,0,1,1.000000,0.666667,0.800000,true,true,1185,2739,1182,2702
rag,P3,positive,true,algorithm-zhou,algorithm-recsys,600,80,5,0.800000,3,3,2,2,0,1,1.000000,0.666667,0.800000,true,true,1185,2739,1182,2702
full_text,P4,positive,true,analyst-wu,data-analyst,600,80,0,0.000000,2,2,2,2,0,0,1.000000,1.000000,1.000000,true,true,1056,2512,1056,2512
rag,P4,positive,true,analyst-wu,data-analyst,600,80,1,0.650000,2,2,1,1,0,1,1.000000,0.500000,0.666667,true,true,533,1403,1056,2512
rag,P4,positive,true,analyst-wu,data-analyst,600,80,1,0.700000,2,2,1,1,0,1,1.000000,0.500000,0.666667,true,true,533,1403,1056,2512
rag,P4,positive,true,analyst-wu,data-analyst,600,80,1,0.720000,2,2,1,1,0,1,1.000000,0.500000,0.666667,true,true,533,1403,1056,2512
rag,P4,positive,true,analyst-wu,data-analyst,600,80,1,0.750000,2,2,1,1,0,1,1.000000,0.500000,0.666667,true,true,533,1403,1056,2512
rag,P4,positive,true,analyst-wu,data-analyst,600,80,1,0.800000,2,2,1,1,0,1,1.000000,0.500000,0.666667,true,true,533,1403,1056,2512
rag,P4,positive,true,analyst-wu,data-analyst,600,80,3,0.650000,2,2,2,2,0,0,1.000000,1.000000,1.000000,true,true,1091,2675,1056,2512
rag,P4,positive,true,analyst-wu,data-analyst,600,80,3,0.700000,2,2,2,2,0,0,1.000000,1.000000,1.000000,true,true,1091,2675,1056,2512
rag,P4,positive,true,analyst-wu,data-analyst,600,80,3,0.720000,2,2,2,2,0,0,1.000000,1.000000,1.000000,true,true,1091,2675,1056,2512
rag,P4,positive,true,analyst-wu,data-analyst,600,80,3,0.750000,2,2,2,2,0,0,1.000000,1.000000,1.000000,true,true,1091,2675,1056,2512
rag,P4,positive,true,analyst-wu,data-analyst,600,80,3,0.800000,2,2,2,2,0,0,1.000000,1.000000,1.000000,true,true,1091,2675,1056,2512
rag,P4,positive,true,analyst-wu,data-analyst,600,80,5,0.650000,2,2,2,2,0,0,1.000000,1.000000,1.000000,true,true,1091,2675,1056,2512
rag,P4,positive,true,analyst-wu,data-analyst,600,80,5,0.700000,2,2,2,2,0,0,1.000000,1.000000,1.000000,true,true,1091,2675,1056,2512
rag,P4,positive,true,analyst-wu,data-analyst,600,80,5,0.720000,2,2,2,2,0,0,1.000000,1.000000,1.000000,true,true,1091,2675,1056,2512
rag,P4,positive,true,analyst-wu,data-analyst,600,80,5,0.750000,2,2,2,2,0,0,1.000000,1.000000,1.000000,true,true,1091,2675,1056,2512
rag,P4,positive,true,analyst-wu,data-analyst,600,80,5,0.800000,2,2,2,2,0,0,1.000000,1.000000,1.000000,true,true,1091,2675,1056,2512
full_text,P5,positive,true,nurse-zhao,nurse-cardiology,600,80,0,0.000000,2,2,2,2,0,0,1.000000,1.000000,1.000000,true,true,1023,2571,1023,2571
rag,P5,positive,true,nurse-zhao,nurse-cardiology,600,80,1,0.650000,2,2,1,1,0,1,1.000000,0.500000,0.666667,true,true,582,1426,1023,2571
rag,P5,positive,true,nurse-zhao,nurse-cardiology,600,80,1,0.700000,2,2,1,1,0,1,1.000000,0.500000,0.666667,true,true,582,1426,1023,2571
rag,P5,positive,true,nurse-zhao,nurse-cardiology,600,80,1,0.720000,2,2,1,1,0,1,1.000000,0.500000,0.666667,true,true,582,1426,1023,2571
rag,P5,positive,true,nurse-zhao,nurse-cardiology,600,80,1,0.750000,2,2,1,1,0,1,1.000000,0.500000,0.666667,true,true,582,1426,1023,2571
rag,P5,positive,true,nurse-zhao,nurse-cardiology,600,80,1,0.800000,2,2,1,1,0,1,1.000000,0.500000,0.666667,true,true,582,1426,1023,2571
rag,P5,positive,true,nurse-zhao,nurse-cardiology,600,80,3,0.650000,2,2,2,2,0,0,1.000000,1.000000,1.000000,true,true,1062,2720,1023,2571
rag,P5,positive,true,nurse-zhao,nurse-cardiology,600,80,3,0.700000,2,2,2,2,0,0,1.000000,1.000000,1.000000,true,true,1062,2720,1023,2571
rag,P5,positive,true,nurse-zhao,nurse-cardiology,600,80,3,0.720000,2,2,2,2,0,0,1.000000,1.000000,1.000000,true,true,1062,2720,1023,2571
rag,P5,positive,true,nurse-zhao,nurse-cardiology,600,80,3,0.750000,2,2,2,2,0,0,1.000000,1.000000,1.000000,true,true,1062,2720,1023,2571
rag,P5,positive,true,nurse-zhao,nurse-cardiology,600,80,3,0.800000,2,2,2,2,0,0,1.000000,1.000000,1.000000,true,true,1062,2720,1023,2571
rag,P5,positive,true,nurse-zhao,nurse-cardiology,600,80,5,0.650000,2,2,2,2,0,0,1.000000,1.000000,1.000000,true,true,1062,2720,1023,2571
rag,P5,positive,true,nurse-zhao,nurse-cardiology,600,80,5,0.700000,2,2,2,2,0,0,1.000000,1.000000,1.000000,true,true,1062,2720,1023,2571
rag,P5,positive,true,nurse-zhao,nurse-cardiology,600,80,5,0.720000,2,2,2,2,0,0,1.000000,1.000000,1.000000,true,true,1062,2720,1023,2571
rag,P5,positive,true,nurse-zhao,nurse-cardiology,600,80,5,0.750000,2,2,2,2,0,0,1.000000,1.000000,1.000000,true,true,1062,2720,1023,2571
rag,P5,positive,true,nurse-zhao,nurse-cardiology,600,80,5,0.800000,2,2,2,2,0,0,1.000000,1.000000,1.000000,true,true,1062,2720,1023,2571
full_text,P6,positive,true,accountant-sun,accountant,600,80,0,0.000000,2,2,2,2,0,0,1.000000,1.000000,1.000000,true,true,1147,2987,1147,2987
rag,P6,positive,true,accountant-sun,accountant,600,80,1,0.650000,2,2,1,1,0,1,1.000000,0.500000,0.666667,true,true,599,1539,1147,2987
rag,P6,positive,true,accountant-sun,accountant,600,80,1,0.700000,2,2,1,1,0,1,1.000000,0.500000,0.666667,true,true,599,1539,1147,2987
rag,P6,positive,true,accountant-sun,accountant,600,80,1,0.720000,2,2,1,1,0,1,1.000000,0.500000,0.666667,true,true,599,1539,1147,2987
rag,P6,positive,true,accountant-sun,accountant,600,80,1,0.750000,2,2,1,1,0,1,1.000000,0.500000,0.666667,true,true,599,1539,1147,2987
rag,P6,positive,true,accountant-sun,accountant,600,80,1,0.800000,2,2,1,1,0,1,1.000000,0.500000,0.666667,true,true,599,1539,1147,2987
rag,P6,positive,true,accountant-sun,accountant,600,80,3,0.650000,2,2,2,2,0,0,1.000000,1.000000,1.000000,true,true,1177,3173,1147,2987
rag,P6,positive,true,accountant-sun,accountant,600,80,3,0.700000,2,2,2,2,0,0,1.000000,1.000000,1.000000,true,true,1177,3173,1147,2987
rag,P6,positive,true,accountant-sun,accountant,600,80,3,0.720000,2,2,2,2,0,0,1.000000,1.000000,1.000000,true,true,1177,3173,1147,2987
rag,P6,positive,true,accountant-sun,accountant,600,80,3,0.750000,2,2,2,2,0,0,1.000000,1.000000,1.000000,true,true,1177,3173,1147,2987
rag,P6,positive,true,accountant-sun,accountant,600,80,3,0.800000,2,2,2,2,0,0,1.000000,1.000000,1.000000,true,true,1177,3173,1147,2987
rag,P6,positive,true,accountant-sun,accountant,600,80,5,0.650000,2,2,2,2,0,0,1.000000,1.000000,1.000000,true,true,1177,3173,1147,2987
rag,P6,positive,true,accountant-sun,accountant,600,80,5,0.700000,2,2,2,2,0,0,1.000000,1.000000,1.000000,true,true,1177,3173,1147,2987
rag,P6,positive,true,accountant-sun,accountant,600,80,5,0.720000,2,2,2,2,0,0,1.000000,1.000000,1.000000,true,true,1177,3173,1147,2987
rag,P6,positive,true,accountant-sun,accountant,600,80,5,0.750000,2,2,2,2,0,0,1.000000,1.000000,1.000000,true,true,1177,3173,1147,2987
rag,P6,positive,true,accountant-sun,accountant,600,80,5,0.800000,2,2,2,2,0,0,1.000000,1.000000,1.000000,true,true,1177,3173,1147,2987
full_text,N1,negative,false,java-backend-chen,nurse-cardiology,600,80,0,0.000000,3,0,3,0,3,0,0.000000,0.000000,0.000000,true,false,1491,3341,1491,3341
rag,N1,negative,false,java-backend-chen,nurse-cardiology,600,80,1,0.650000,3,0,0,0,0,0,0.000000,0.000000,0.000000,false,true,0,0,1491,3341
rag,N1,negative,false,java-backend-chen,nurse-cardiology,600,80,1,0.700000,3,0,0,0,0,0,0.000000,0.000000,0.000000,false,true,0,0,1491,3341
rag,N1,negative,false,java-backend-chen,nurse-cardiology,600,80,1,0.720000,3,0,0,0,0,0,0.000000,0.000000,0.000000,false,true,0,0,1491,3341
rag,N1,negative,false,java-backend-chen,nurse-cardiology,600,80,1,0.750000,3,0,0,0,0,0,0.000000,0.000000,0.000000,false,true,0,0,1491,3341
rag,N1,negative,false,java-backend-chen,nurse-cardiology,600,80,1,0.800000,3,0,0,0,0,0,0.000000,0.000000,0.000000,false,true,0,0,1491,3341
rag,N1,negative,false,java-backend-chen,nurse-cardiology,600,80,3,0.650000,3,0,0,0,0,0,0.000000,0.000000,0.000000,false,true,0,0,1491,3341
rag,N1,negative,false,java-backend-chen,nurse-cardiology,600,80,3,0.700000,3,0,0,0,0,0,0.000000,0.000000,0.000000,false,true,0,0,1491,3341
rag,N1,negative,false,java-backend-chen,nurse-cardiology,600,80,3,0.720000,3,0,0,0,0,0,0.000000,0.000000,0.000000,false,true,0,0,1491,3341
rag,N1,negative,false,java-backend-chen,nurse-cardiology,600,80,3,0.750000,3,0,0,0,0,0,0.000000,0.000000,0.000000,false,true,0,0,1491,3341
rag,N1,negative,false,java-backend-chen,nurse-cardiology,600,80,3,0.800000,3,0,0,0,0,0,0.000000,0.000000,0.000000,false,true,0,0,1491,3341
rag,N1,negative,false,java-backend-chen,nurse-cardiology,600,80,5,0.650000,3,0,0,0,0,0,0.000000,0.000000,0.000000,false,true,0,0,1491,3341
rag,N1,negative,false,java-backend-chen,nurse-cardiology,600,80,5,0.700000,3,0,0,0,0,0,0.000000,0.000000,0.000000,false,true,0,0,1491,3341
rag,N1,negative,false,java-backend-chen,nurse-cardiology,600,80,5,0.720000,3,0,0,0,0,0,0.000000,0.000000,0.000000,false,true,0,0,1491,3341
rag,N1,negative,false,java-backend-chen,nurse-cardiology,600,80,5,0.750000,3,0,0,0,0,0,0.000000,0.000000,0.000000,false,true,0,0,1491,3341
rag,N1,negative,false,java-backend-chen,nurse-cardiology,600,80,5,0.800000,3,0,0,0,0,0,0.000000,0.000000,0.000000,false,true,0,0,1491,3341
full_text,N2,negative,false,java-backend-chen,accountant,600,80,0,0.000000,3,0,3,0,3,0,0.000000,0.000000,0.000000,true,false,1491,3341,1491,3341
rag,N2,negative,false,java-backend-chen,accountant,600,80,1,0.650000,3,0,1,0,1,0,0.000000,0.000000,0.000000,true,false,434,1072,1491,3341
rag,N2,negative,false,java-backend-chen,accountant,600,80,1,0.700000,3,0,0,0,0,0,0.000000,0.000000,0.000000,false,true,0,0,1491,3341
rag,N2,negative,false,java-backend-chen,accountant,600,80,1,0.720000,3,0,0,0,0,0,0.000000,0.000000,0.000000,false,true,0,0,1491,3341
rag,N2,negative,false,java-backend-chen,accountant,600,80,1,0.750000,3,0,0,0,0,0,0.000000,0.000000,0.000000,false,true,0,0,1491,3341
rag,N2,negative,false,java-backend-chen,accountant,600,80,1,0.800000,3,0,0,0,0,0,0.000000,0.000000,0.000000,false,true,0,0,1491,3341
rag,N2,negative,false,java-backend-chen,accountant,600,80,3,0.650000,3,0,1,0,1,0,0.000000,0.000000,0.000000,true,false,434,1072,1491,3341
rag,N2,negative,false,java-backend-chen,accountant,600,80,3,0.700000,3,0,0,0,0,0,0.000000,0.000000,0.000000,false,true,0,0,1491,3341
rag,N2,negative,false,java-backend-chen,accountant,600,80,3,0.720000,3,0,0,0,0,0,0.000000,0.000000,0.000000,false,true,0,0,1491,3341
rag,N2,negative,false,java-backend-chen,accountant,600,80,3,0.750000,3,0,0,0,0,0,0.000000,0.000000,0.000000,false,true,0,0,1491,3341
rag,N2,negative,false,java-backend-chen,accountant,600,80,3,0.800000,3,0,0,0,0,0,0.000000,0.000000,0.000000,false,true,0,0,1491,3341
rag,N2,negative,false,java-backend-chen,accountant,600,80,5,0.650000,3,0,1,0,1,0,0.000000,0.000000,0.000000,true,false,434,1072,1491,3341
rag,N2,negative,false,java-backend-chen,accountant,600,80,5,0.700000,3,0,0,0,0,0,0.000000,0.000000,0.000000,false,true,0,0,1491,3341
rag,N2,negative,false,java-backend-chen,accountant,600,80,5,0.720000,3,0,0,0,0,0,0.000000,0.000000,0.000000,false,true,0,0,1491,3341
rag,N2,negative,false,java-backend-chen,accountant,600,80,5,0.750000,3,0,0,0,0,0,0.000000,0.000000,0.000000,false,true,0,0,1491,3341
rag,N2,negative,false,java-backend-chen,accountant,600,80,5,0.800000,3,0,0,0,0,0,0.000000,0.000000,0.000000,false,true,0,0,1491,3341
full_text,N3,negative,false,frontend-lin,accountant,600,80,0,0.000000,3,0,3,0,3,0,0.000000,0.000000,0.000000,true,false,1453,3017,1453,3017
rag,N3,negative,false,frontend-lin,accountant,600,80,1,0.650000,3,0,0,0,0,0,0.000000,0.000000,0.000000,false,true,0,0,1453,3017
rag,N3,negative,false,frontend-lin,accountant,600,80,1,0.700000,3,0,0,0,0,0,0.000000,0.000000,0.000000,false,true,0,0,1453,3017
rag,N3,negative,false,frontend-lin,accountant,600,80,1,0.720000,3,0,0,0,0,0,0.000000,0.000000,0.000000,false,true,0,0,1453,3017
rag,N3,negative,false,frontend-lin,accountant,600,80,1,0.750000,3,0,0,0,0,0,0.000000,0.000000,0.000000,false,true,0,0,1453,3017
rag,N3,negative,false,frontend-lin,accountant,600,80,1,0.800000,3,0,0,0,0,0,0.000000,0.000000,0.000000,false,true,0,0,1453,3017
rag,N3,negative,false,frontend-lin,accountant,600,80,3,0.650000,3,0,0,0,0,0,0.000000,0.000000,0.000000,false,true,0,0,1453,3017
rag,N3,negative,false,frontend-lin,accountant,600,80,3,0.700000,3,0,0,0,0,0,0.000000,0.000000,0.000000,false,true,0,0,1453,3017
rag,N3,negative,false,frontend-lin,accountant,600,80,3,0.720000,3,0,0,0,0,0,0.000000,0.000000,0.000000,false,true,0,0,1453,3017
rag,N3,negative,false,frontend-lin,accountant,600,80,3,0.750000,3,0,0,0,0,0,0.000000,0.000000,0.000000,false,true,0,0,1453,3017
rag,N3,negative,false,frontend-lin,accountant,600,80,3,0.800000,3,0,0,0,0,0,0.000000,0.000000,0.000000,false,true,0,0,1453,3017
rag,N3,negative,false,frontend-lin,accountant,600,80,5,0.650000,3,0,0,0,0,0,0.000000,0.000000,0.000000,false,true,0,0,1453,3017
rag,N3,negative,false,frontend-lin,accountant,600,80,5,0.700000,3,0,0,0,0,0,0.000000,0.000000,0.000000,false,true,0,0,1453,3017
rag,N3,negative,false,frontend-lin,accountant,600,80,5,0.720000,3,0,0,0,0,0,0.000000,0.000000,0.000000,false,true,0,0,1453,3017
rag,N3,negative,false,frontend-lin,accountant,600,80,5,0.750000,3,0,0,0,0,0,0.000000,0.000000,0.000000,false,true,0,0,1453,3017
rag,N3,negative,false,frontend-lin,accountant,600,80,5,0.800000,3,0,0,0,0,0,0.000000,0.000000,0.000000,false,true,0,0,1453,3017
full_text,N4,negative,false,nurse-zhao,java-backend-payment,600,80,0,0.000000,2,0,2,0,2,0,0.000000,0.000000,0.000000,true,false,1023,2571,1023,2571
rag,N4,negative,false,nurse-zhao,java-backend-payment,600,80,1,0.650000,2,0,0,0,0,0,0.000000,0.000000,0.000000,false,true,0,0,1023,2571
rag,N4,negative,false,nurse-zhao,java-backend-payment,600,80,1,0.700000,2,0,0,0,0,0,0.000000,0.000000,0.000000,false,true,0,0,1023,2571
rag,N4,negative,false,nurse-zhao,java-backend-payment,600,80,1,0.720000,2,0,0,0,0,0,0.000000,0.000000,0.000000,false,true,0,0,1023,2571
rag,N4,negative,false,nurse-zhao,java-backend-payment,600,80,1,0.750000,2,0,0,0,0,0,0.000000,0.000000,0.000000,false,true,0,0,1023,2571
rag,N4,negative,false,nurse-zhao,java-backend-payment,600,80,1,0.800000,2,0,0,0,0,0,0.000000,0.000000,0.000000,false,true,0,0,1023,2571
rag,N4,negative,false,nurse-zhao,java-backend-payment,600,80,3,0.650000,2,0,0,0,0,0,0.000000,0.000000,0.000000,false,true,0,0,1023,2571
rag,N4,negative,false,nurse-zhao,java-backend-payment,600,80,3,0.700000,2,0,0,0,0,0,0.000000,0.000000,0.000000,false,true,0,0,1023,2571
rag,N4,negative,false,nurse-zhao,java-backend-payment,600,80,3,0.720000,2,0,0,0,0,0,0.000000,0.000000,0.000000,false,true,0,0,1023,2571
rag,N4,negative,false,nurse-zhao,java-backend-payment,600,80,3,0.750000,2,0,0,0,0,0,0.000000,0.000000,0.000000,false,true,0,0,1023,2571
rag,N4,negative,false,nurse-zhao,java-backend-payment,600,80,3,0.800000,2,0,0,0,0,0,0.000000,0.000000,0.000000,false,true,0,0,1023,2571
rag,N4,negative,false,nurse-zhao,java-backend-payment,600,80,5,0.650000,2,0,0,0,0,0,0.000000,0.000000,0.000000,false,true,0,0,1023,2571
rag,N4,negative,false,nurse-zhao,java-backend-payment,600,80,5,0.700000,2,0,0,0,0,0,0.000000,0.000000,0.000000,false,true,0,0,1023,2571
rag,N4,negative,false,nurse-zhao,java-backend-payment,600,80,5,0.720000,2,0,0,0,0,0,0.000000,0.000000,0.000000,false,true,0,0,1023,2571
rag,N4,negative,false,nurse-zhao,java-backend-payment,600,80,5,0.750000,2,0,0,0,0,0,0.000000,0.000000,0.000000,false,true,0,0,1023,2571
rag,N4,negative,false,nurse-zhao,java-backend-payment,600,80,5,0.800000,2,0,0,0,0,0,0.000000,0.000000,0.000000,false,true,0,0,1023,2571
full_text,N5,negative,false,accountant-sun,frontend-react,600,80,0,0.000000,2,0,2,0,2,0,0.000000,0.000000,0.000000,true,false,1147,2987,1147,2987
rag,N5,negative,false,accountant-sun,frontend-react,600,80,1,0.650000,2,0,0,0,0,0,0.000000,0.000000,0.000000,false,true,0,0,1147,2987
rag,N5,negative,false,accountant-sun,frontend-react,600,80,1,0.700000,2,0,0,0,0,0,0.000000,0.000000,0.000000,false,true,0,0,1147,2987
rag,N5,negative,false,accountant-sun,frontend-react,600,80,1,0.720000,2,0,0,0,0,0,0.000000,0.000000,0.000000,false,true,0,0,1147,2987
rag,N5,negative,false,accountant-sun,frontend-react,600,80,1,0.750000,2,0,0,0,0,0,0.000000,0.000000,0.000000,false,true,0,0,1147,2987
rag,N5,negative,false,accountant-sun,frontend-react,600,80,1,0.800000,2,0,0,0,0,0,0.000000,0.000000,0.000000,false,true,0,0,1147,2987
rag,N5,negative,false,accountant-sun,frontend-react,600,80,3,0.650000,2,0,0,0,0,0,0.000000,0.000000,0.000000,false,true,0,0,1147,2987
rag,N5,negative,false,accountant-sun,frontend-react,600,80,3,0.700000,2,0,0,0,0,0,0.000000,0.000000,0.000000,false,true,0,0,1147,2987
rag,N5,negative,false,accountant-sun,frontend-react,600,80,3,0.720000,2,0,0,0,0,0,0.000000,0.000000,0.000000,false,true,0,0,1147,2987
rag,N5,negative,false,accountant-sun,frontend-react,600,80,3,0.750000,2,0,0,0,0,0,0.000000,0.000000,0.000000,false,true,0,0,1147,2987
rag,N5,negative,false,accountant-sun,frontend-react,600,80,3,0.800000,2,0,0,0,0,0,0.000000,0.000000,0.000000,false,true,0,0,1147,2987
rag,N5,negative,false,accountant-sun,frontend-react,600,80,5,0.650000,2,0,0,0,0,0,0.000000,0.000000,0.000000,false,true,0,0,1147,2987
rag,N5,negative,false,accountant-sun,frontend-react,600,80,5,0.700000,2,0,0,0,0,0,0.000000,0.000000,0.000000,false,true,0,0,1147,2987
rag,N5,negative,false,accountant-sun,frontend-react,600,80,5,0.720000,2,0,0,0,0,0,0.000000,0.000000,0.000000,false,true,0,0,1147,2987
rag,N5,negative,false,accountant-sun,frontend-react,600,80,5,0.750000,2,0,0,0,0,0,0.000000,0.000000,0.000000,false,true,0,0,1147,2987
rag,N5,negative,false,accountant-sun,frontend-react,600,80,5,0.800000,2,0,0,0,0,0,0.000000,0.000000,0.000000,false,true,0,0,1147,2987
full_text,N6,negative,false,algorithm-zhou,nurse-cardiology,600,80,0,0.000000,3,0,3,0,3,0,0.000000,0.000000,0.000000,true,false,1182,2702,1182,2702
rag,N6,negative,false,algorithm-zhou,nurse-cardiology,600,80,1,0.650000,3,0,0,0,0,0,0.000000,0.000000,0.000000,false,true,0,0,1182,2702
rag,N6,negative,false,algorithm-zhou,nurse-cardiology,600,80,1,0.700000,3,0,0,0,0,0,0.000000,0.000000,0.000000,false,true,0,0,1182,2702
rag,N6,negative,false,algorithm-zhou,nurse-cardiology,600,80,1,0.720000,3,0,0,0,0,0,0.000000,0.000000,0.000000,false,true,0,0,1182,2702
rag,N6,negative,false,algorithm-zhou,nurse-cardiology,600,80,1,0.750000,3,0,0,0,0,0,0.000000,0.000000,0.000000,false,true,0,0,1182,2702
rag,N6,negative,false,algorithm-zhou,nurse-cardiology,600,80,1,0.800000,3,0,0,0,0,0,0.000000,0.000000,0.000000,false,true,0,0,1182,2702
rag,N6,negative,false,algorithm-zhou,nurse-cardiology,600,80,3,0.650000,3,0,0,0,0,0,0.000000,0.000000,0.000000,false,true,0,0,1182,2702
rag,N6,negative,false,algorithm-zhou,nurse-cardiology,600,80,3,0.700000,3,0,0,0,0,0,0.000000,0.000000,0.000000,false,true,0,0,1182,2702
rag,N6,negative,false,algorithm-zhou,nurse-cardiology,600,80,3,0.720000,3,0,0,0,0,0,0.000000,0.000000,0.000000,false,true,0,0,1182,2702
rag,N6,negative,false,algorithm-zhou,nurse-cardiology,600,80,3,0.750000,3,0,0,0,0,0,0.000000,0.000000,0.000000,false,true,0,0,1182,2702
rag,N6,negative,false,algorithm-zhou,nurse-cardiology,600,80,3,0.800000,3,0,0,0,0,0,0.000000,0.000000,0.000000,false,true,0,0,1182,2702
rag,N6,negative,false,algorithm-zhou,nurse-cardiology,600,80,5,0.650000,3,0,0,0,0,0,0.000000,0.000000,0.000000,false,true,0,0,1182,2702
rag,N6,negative,false,algorithm-zhou,nurse-cardiology,600,80,5,0.700000,3,0,0,0,0,0,0.000000,0.000000,0.000000,false,true,0,0,1182,2702
rag,N6,negative,false,algorithm-zhou,nurse-cardiology,600,80,5,0.720000,3,0,0,0,0,0,0.000000,0.000000,0.000000,false,true,0,0,1182,2702
rag,N6,negative,false,algorithm-zhou,nurse-cardiology,600,80,5,0.750000,3,0,0,0,0,0,0.000000,0.000000,0.000000,false,true,0,0,1182,2702
rag,N6,negative,false,algorithm-zhou,nurse-cardiology,600,80,5,0.800000,3,0,0,0,0,0,0.000000,0.000000,0.000000,false,true,0,0,1182,2702
full_text,H1,hard_negative,false,java-backend-chen,frontend-react,600,80,0,0.000000,3,0,3,0,3,0,0.000000,0.000000,0.000000,true,false,1491,3341,1491,3341
rag,H1,hard_negative,false,java-backend-chen,frontend-react,600,80,1,0.650000,3,0,1,0,1,0,0.000000,0.000000,0.000000,true,false,569,1185,1491,3341
rag,H1,hard_negative,false,java-backend-chen,frontend-react,600,80,1,0.700000,3,0,0,0,0,0,0.000000,0.000000,0.000000,false,true,0,0,1491,3341
rag,H1,hard_negative,false,java-backend-chen,frontend-react,600,80,1,0.720000,3,0,0,0,0,0,0.000000,0.000000,0.000000,false,true,0,0,1491,3341
rag,H1,hard_negative,false,java-backend-chen,frontend-react,600,80,1,0.750000,3,0,0,0,0,0,0.000000,0.000000,0.000000,false,true,0,0,1491,3341
rag,H1,hard_negative,false,java-backend-chen,frontend-react,600,80,1,0.800000,3,0,0,0,0,0,0.000000,0.000000,0.000000,false,true,0,0,1491,3341
rag,H1,hard_negative,false,java-backend-chen,frontend-react,600,80,3,0.650000,3,0,2,0,2,0,0.000000,0.000000,0.000000,true,false,1163,2605,1491,3341
rag,H1,hard_negative,false,java-backend-chen,frontend-react,600,80,3,0.700000,3,0,0,0,0,0,0.000000,0.000000,0.000000,false,true,0,0,1491,3341
rag,H1,hard_negative,false,java-backend-chen,frontend-react,600,80,3,0.720000,3,0,0,0,0,0,0.000000,0.000000,0.000000,false,true,0,0,1491,3341
rag,H1,hard_negative,false,java-backend-chen,frontend-react,600,80,3,0.750000,3,0,0,0,0,0,0.000000,0.000000,0.000000,false,true,0,0,1491,3341
rag,H1,hard_negative,false,java-backend-chen,frontend-react,600,80,3,0.800000,3,0,0,0,0,0,0.000000,0.000000,0.000000,false,true,0,0,1491,3341
rag,H1,hard_negative,false,java-backend-chen,frontend-react,600,80,5,0.650000,3,0,2,0,2,0,0.000000,0.000000,0.000000,true,false,1163,2605,1491,3341
rag,H1,hard_negative,false,java-backend-chen,frontend-react,600,80,5,0.700000,3,0,0,0,0,0,0.000000,0.000000,0.000000,false,true,0,0,1491,3341
rag,H1,hard_negative,false,java-backend-chen,frontend-react,600,80,5,0.720000,3,0,0,0,0,0,0.000000,0.000000,0.000000,false,true,0,0,1491,3341
rag,H1,hard_negative,false,java-backend-chen,frontend-react,600,80,5,0.750000,3,0,0,0,0,0,0.000000,0.000000,0.000000,false,true,0,0,1491,3341
rag,H1,hard_negative,false,java-backend-chen,frontend-react,600,80,5,0.800000,3,0,0,0,0,0,0.000000,0.000000,0.000000,false,true,0,0,1491,3341
full_text,H2,hard_negative,false,frontend-lin,java-backend-payment,600,80,0,0.000000,3,0,3,0,3,0,0.000000,0.000000,0.000000,true,false,1453,3017,1453,3017
rag,H2,hard_negative,false,frontend-lin,java-backend-payment,600,80,1,0.650000,3,0,1,0,1,0,0.000000,0.000000,0.000000,true,false,573,1245,1453,3017
rag,H2,hard_negative,false,frontend-lin,java-backend-payment,600,80,1,0.700000,3,0,0,0,0,0,0.000000,0.000000,0.000000,false,true,0,0,1453,3017
rag,H2,hard_negative,false,frontend-lin,java-backend-payment,600,80,1,0.720000,3,0,0,0,0,0,0.000000,0.000000,0.000000,false,true,0,0,1453,3017
rag,H2,hard_negative,false,frontend-lin,java-backend-payment,600,80,1,0.750000,3,0,0,0,0,0,0.000000,0.000000,0.000000,false,true,0,0,1453,3017
rag,H2,hard_negative,false,frontend-lin,java-backend-payment,600,80,1,0.800000,3,0,0,0,0,0,0.000000,0.000000,0.000000,false,true,0,0,1453,3017
rag,H2,hard_negative,false,frontend-lin,java-backend-payment,600,80,3,0.650000,3,0,3,0,3,0,0.000000,0.000000,0.000000,true,false,1562,3348,1453,3017
rag,H2,hard_negative,false,frontend-lin,java-backend-payment,600,80,3,0.700000,3,0,0,0,0,0,0.000000,0.000000,0.000000,false,true,0,0,1453,3017
rag,H2,hard_negative,false,frontend-lin,java-backend-payment,600,80,3,0.720000,3,0,0,0,0,0,0.000000,0.000000,0.000000,false,true,0,0,1453,3017
rag,H2,hard_negative,false,frontend-lin,java-backend-payment,600,80,3,0.750000,3,0,0,0,0,0,0.000000,0.000000,0.000000,false,true,0,0,1453,3017
rag,H2,hard_negative,false,frontend-lin,java-backend-payment,600,80,3,0.800000,3,0,0,0,0,0,0.000000,0.000000,0.000000,false,true,0,0,1453,3017
rag,H2,hard_negative,false,frontend-lin,java-backend-payment,600,80,5,0.650000,3,0,3,0,3,0,0.000000,0.000000,0.000000,true,false,1562,3348,1453,3017
rag,H2,hard_negative,false,frontend-lin,java-backend-payment,600,80,5,0.700000,3,0,0,0,0,0,0.000000,0.000000,0.000000,false,true,0,0,1453,3017
rag,H2,hard_negative,false,frontend-lin,java-backend-payment,600,80,5,0.720000,3,0,0,0,0,0,0.000000,0.000000,0.000000,false,true,0,0,1453,3017
rag,H2,hard_negative,false,frontend-lin,java-backend-payment,600,80,5,0.750000,3,0,0,0,0,0,0.000000,0.000000,0.000000,false,true,0,0,1453,3017
rag,H2,hard_negative,false,frontend-lin,java-backend-payment,600,80,5,0.800000,3,0,0,0,0,0,0.000000,0.000000,0.000000,false,true,0,0,1453,3017
full_text,H3,hard_negative,false,algorithm-zhou,data-analyst,600,80,0,0.000000,3,0,3,0,3,0,0.000000,0.000000,0.000000,true,false,1182,2702,1182,2702
rag,H3,hard_negative,false,algorithm-zhou,data-analyst,600,80,1,0.650000,3,0,0,0,0,0,0.000000,0.000000,0.000000,false,true,0,0,1182,2702
rag,H3,hard_negative,false,algorithm-zhou,data-analyst,600,80,1,0.700000,3,0,0,0,0,0,0.000000,0.000000,0.000000,false,true,0,0,1182,2702
rag,H3,hard_negative,false,algorithm-zhou,data-analyst,600,80,1,0.720000,3,0,0,0,0,0,0.000000,0.000000,0.000000,false,true,0,0,1182,2702
rag,H3,hard_negative,false,algorithm-zhou,data-analyst,600,80,1,0.750000,3,0,0,0,0,0,0.000000,0.000000,0.000000,false,true,0,0,1182,2702
rag,H3,hard_negative,false,algorithm-zhou,data-analyst,600,80,1,0.800000,3,0,0,0,0,0,0.000000,0.000000,0.000000,false,true,0,0,1182,2702
rag,H3,hard_negative,false,algorithm-zhou,data-analyst,600,80,3,0.650000,3,0,0,0,0,0,0.000000,0.000000,0.000000,false,true,0,0,1182,2702
rag,H3,hard_negative,false,algorithm-zhou,data-analyst,600,80,3,0.700000,3,0,0,0,0,0,0.000000,0.000000,0.000000,false,true,0,0,1182,2702
rag,H3,hard_negative,false,algorithm-zhou,data-analyst,600,80,3,0.720000,3,0,0,0,0,0,0.000000,0.000000,0.000000,false,true,0,0,1182,2702
rag,H3,hard_negative,false,algorithm-zhou,data-analyst,600,80,3,0.750000,3,0,0,0,0,0,0.000000,0.000000,0.000000,false,true,0,0,1182,2702
rag,H3,hard_negative,false,algorithm-zhou,data-analyst,600,80,3,0.800000,3,0,0,0,0,0,0.000000,0.000000,0.000000,false,true,0,0,1182,2702
rag,H3,hard_negative,false,algorithm-zhou,data-analyst,600,80,5,0.650000,3,0,0,0,0,0,0.000000,0.000000,0.000000,false,true,0,0,1182,2702
rag,H3,hard_negative,false,algorithm-zhou,data-analyst,600,80,5,0.700000,3,0,0,0,0,0,0.000000,0.000000,0.000000,false,true,0,0,1182,2702
rag,H3,hard_negative,false,algorithm-zhou,data-analyst,600,80,5,0.720000,3,0,0,0,0,0,0.000000,0.000000,0.000000,false,true,0,0,1182,2702
rag,H3,hard_negative,false,algorithm-zhou,data-analyst,600,80,5,0.750000,3,0,0,0,0,0,0.000000,0.000000,0.000000,false,true,0,0,1182,2702
rag,H3,hard_negative,false,algorithm-zhou,data-analyst,600,80,5,0.800000,3,0,0,0,0,0,0.000000,0.000000,0.000000,false,true,0,0,1182,2702
full_text,H4,hard_negative,false,analyst-wu,algorithm-recsys,600,80,0,0.000000,2,0,2,0,2,0,0.000000,0.000000,0.000000,true,false,1056,2512,1056,2512
rag,H4,hard_negative,false,analyst-wu,algorithm-recsys,600,80,1,0.650000,2,0,1,0,1,0,0.000000,0.000000,0.000000,true,false,556,1270,1056,2512
rag,H4,hard_negative,false,analyst-wu,algorithm-recsys,600,80,1,0.700000,2,0,0,0,0,0,0.000000,0.000000,0.000000,false,true,0,0,1056,2512
rag,H4,hard_negative,false,analyst-wu,algorithm-recsys,600,80,1,0.720000,2,0,0,0,0,0,0.000000,0.000000,0.000000,false,true,0,0,1056,2512
rag,H4,hard_negative,false,analyst-wu,algorithm-recsys,600,80,1,0.750000,2,0,0,0,0,0,0.000000,0.000000,0.000000,false,true,0,0,1056,2512
rag,H4,hard_negative,false,analyst-wu,algorithm-recsys,600,80,1,0.800000,2,0,0,0,0,0,0.000000,0.000000,0.000000,false,true,0,0,1056,2512
rag,H4,hard_negative,false,analyst-wu,algorithm-recsys,600,80,3,0.650000,2,0,2,0,2,0,0.000000,0.000000,0.000000,true,false,1091,2675,1056,2512
rag,H4,hard_negative,false,analyst-wu,algorithm-recsys,600,80,3,0.700000,2,0,0,0,0,0,0.000000,0.000000,0.000000,false,true,0,0,1056,2512
rag,H4,hard_negative,false,analyst-wu,algorithm-recsys,600,80,3,0.720000,2,0,0,0,0,0,0.000000,0.000000,0.000000,false,true,0,0,1056,2512
rag,H4,hard_negative,false,analyst-wu,algorithm-recsys,600,80,3,0.750000,2,0,0,0,0,0,0.000000,0.000000,0.000000,false,true,0,0,1056,2512
rag,H4,hard_negative,false,analyst-wu,algorithm-recsys,600,80,3,0.800000,2,0,0,0,0,0,0.000000,0.000000,0.000000,false,true,0,0,1056,2512
rag,H4,hard_negative,false,analyst-wu,algorithm-recsys,600,80,5,0.650000,2,0,2,0,2,0,0.000000,0.000000,0.000000,true,false,1091,2675,1056,2512
rag,H4,hard_negative,false,analyst-wu,algorithm-recsys,600,80,5,0.700000,2,0,0,0,0,0,0.000000,0.000000,0.000000,false,true,0,0,1056,2512
rag,H4,hard_negative,false,analyst-wu,algorithm-recsys,600,80,5,0.720000,2,0,0,0,0,0,0.000000,0.000000,0.000000,false,true,0,0,1056,2512
rag,H4,hard_negative,false,analyst-wu,algorithm-recsys,600,80,5,0.750000,2,0,0,0,0,0,0.000000,0.000000,0.000000,false,true,0,0,1056,2512
rag,H4,hard_negative,false,analyst-wu,algorithm-recsys,600,80,5,0.800000,2,0,0,0,0,0,0.000000,0.000000,0.000000,false,true,0,0,1056,2512
full_text,H5,hard_negative,false,java-backend-chen,algorithm-recsys,600,80,0,0.000000,3,0,3,0,3,0,0.000000,0.000000,0.000000,true,false,1491,3341,1491,3341
rag,H5,hard_negative,false,java-backend-chen,algorithm-recsys,600,80,1,0.650000,3,0,0,0,0,0,0.000000,0.000000,0.000000,false,true,0,0,1491,3341
rag,H5,hard_negative,false,java-backend-chen,algorithm-recsys,600,80,1,0.700000,3,0,0,0,0,0,0.000000,0.000000,0.000000,false,true,0,0,1491,3341
rag,H5,hard_negative,false,java-backend-chen,algorithm-recsys,600,80,1,0.720000,3,0,0,0,0,0,0.000000,0.000000,0.000000,false,true,0,0,1491,3341
rag,H5,hard_negative,false,java-backend-chen,algorithm-recsys,600,80,1,0.750000,3,0,0,0,0,0,0.000000,0.000000,0.000000,false,true,0,0,1491,3341
rag,H5,hard_negative,false,java-backend-chen,algorithm-recsys,600,80,1,0.800000,3,0,0,0,0,0,0.000000,0.000000,0.000000,false,true,0,0,1491,3341
rag,H5,hard_negative,false,java-backend-chen,algorithm-recsys,600,80,3,0.650000,3,0,0,0,0,0,0.000000,0.000000,0.000000,false,true,0,0,1491,3341
rag,H5,hard_negative,false,java-backend-chen,algorithm-recsys,600,80,3,0.700000,3,0,0,0,0,0,0.000000,0.000000,0.000000,false,true,0,0,1491,3341
rag,H5,hard_negative,false,java-backend-chen,algorithm-recsys,600,80,3,0.720000,3,0,0,0,0,0,0.000000,0.000000,0.000000,false,true,0,0,1491,3341
rag,H5,hard_negative,false,java-backend-chen,algorithm-recsys,600,80,3,0.750000,3,0,0,0,0,0,0.000000,0.000000,0.000000,false,true,0,0,1491,3341
rag,H5,hard_negative,false,java-backend-chen,algorithm-recsys,600,80,3,0.800000,3,0,0,0,0,0,0.000000,0.000000,0.000000,false,true,0,0,1491,3341
rag,H5,hard_negative,false,java-backend-chen,algorithm-recsys,600,80,5,0.650000,3,0,0,0,0,0,0.000000,0.000000,0.000000,false,true,0,0,1491,3341
rag,H5,hard_negative,false,java-backend-chen,algorithm-recsys,600,80,5,0.700000,3,0,0,0,0,0,0.000000,0.000000,0.000000,false,true,0,0,1491,3341
rag,H5,hard_negative,false,java-backend-chen,algorithm-recsys,600,80,5,0.720000,3,0,0,0,0,0,0.000000,0.000000,0.000000,false,true,0,0,1491,3341
rag,H5,hard_negative,false,java-backend-chen,algorithm-recsys,600,80,5,0.750000,3,0,0,0,0,0,0.000000,0.000000,0.000000,false,true,0,0,1491,3341
rag,H5,hard_negative,false,java-backend-chen,algorithm-recsys,600,80,5,0.800000,3,0,0,0,0,0,0.000000,0.000000,0.000000,false,true,0,0,1491,3341
full_text,H6,hard_negative,false,frontend-lin,data-analyst,600,80,0,0.000000,3,0,3,0,3,0,0.000000,0.000000,0.000000,true,false,1453,3017,1453,3017
rag,H6,hard_negative,false,frontend-lin,data-analyst,600,80,1,0.650000,3,0,0,0,0,0,0.000000,0.000000,0.000000,false,true,0,0,1453,3017
rag,H6,hard_negative,false,frontend-lin,data-analyst,600,80,1,0.700000,3,0,0,0,0,0,0.000000,0.000000,0.000000,false,true,0,0,1453,3017
rag,H6,hard_negative,false,frontend-lin,data-analyst,600,80,1,0.720000,3,0,0,0,0,0,0.000000,0.000000,0.000000,false,true,0,0,1453,3017
rag,H6,hard_negative,false,frontend-lin,data-analyst,600,80,1,0.750000,3,0,0,0,0,0,0.000000,0.000000,0.000000,false,true,0,0,1453,3017
rag,H6,hard_negative,false,frontend-lin,data-analyst,600,80,1,0.800000,3,0,0,0,0,0,0.000000,0.000000,0.000000,false,true,0,0,1453,3017
rag,H6,hard_negative,false,frontend-lin,data-analyst,600,80,3,0.650000,3,0,0,0,0,0,0.000000,0.000000,0.000000,false,true,0,0,1453,3017
rag,H6,hard_negative,false,frontend-lin,data-analyst,600,80,3,0.700000,3,0,0,0,0,0,0.000000,0.000000,0.000000,false,true,0,0,1453,3017
rag,H6,hard_negative,false,frontend-lin,data-analyst,600,80,3,0.720000,3,0,0,0,0,0,0.000000,0.000000,0.000000,false,true,0,0,1453,3017
rag,H6,hard_negative,false,frontend-lin,data-analyst,600,80,3,0.750000,3,0,0,0,0,0,0.000000,0.000000,0.000000,false,true,0,0,1453,3017
rag,H6,hard_negative,false,frontend-lin,data-analyst,600,80,3,0.800000,3,0,0,0,0,0,0.000000,0.000000,0.000000,false,true,0,0,1453,3017
rag,H6,hard_negative,false,frontend-lin,data-analyst,600,80,5,0.650000,3,0,0,0,0,0,0.000000,0.000000,0.000000,false,true,0,0,1453,3017
rag,H6,hard_negative,false,frontend-lin,data-analyst,600,80,5,0.700000,3,0,0,0,0,0,0.000000,0.000000,0.000000,false,true,0,0,1453,3017
rag,H6,hard_negative,false,frontend-lin,data-analyst,600,80,5,0.720000,3,0,0,0,0,0,0.000000,0.000000,0.000000,false,true,0,0,1453,3017
rag,H6,hard_negative,false,frontend-lin,data-analyst,600,80,5,0.750000,3,0,0,0,0,0,0.000000,0.000000,0.000000,false,true,0,0,1453,3017
rag,H6,hard_negative,false,frontend-lin,data-analyst,600,80,5,0.800000,3,0,0,0,0,0,0.000000,0.000000,0.000000,false,true,0,0,1453,3017
full_text,P1,positive,true,java-backend-chen,java-backend-payment,900,120,0,0.000000,2,2,2,2,0,0,1.000000,1.000000,1.000000,true,true,1491,3341,1491,3341
rag,P1,positive,true,java-backend-chen,java-backend-payment,900,120,1,0.650000,2,2,1,1,0,1,1.000000,0.500000,0.666667,true,true,899,1981,1491,3341
rag,P1,positive,true,java-backend-chen,java-backend-payment,900,120,1,0.700000,2,2,1,1,0,1,1.000000,0.500000,0.666667,true,true,899,1981,1491,3341
rag,P1,positive,true,java-backend-chen,java-backend-payment,900,120,1,0.720000,2,2,1,1,0,1,1.000000,0.500000,0.666667,true,true,899,1981,1491,3341
rag,P1,positive,true,java-backend-chen,java-backend-payment,900,120,1,0.750000,2,2,1,1,0,1,1.000000,0.500000,0.666667,true,true,899,1981,1491,3341
rag,P1,positive,true,java-backend-chen,java-backend-payment,900,120,1,0.800000,2,2,1,1,0,1,1.000000,0.500000,0.666667,true,true,899,1981,1491,3341
rag,P1,positive,true,java-backend-chen,java-backend-payment,900,120,3,0.650000,2,2,2,2,0,0,1.000000,1.000000,1.000000,true,true,1559,3585,1491,3341
rag,P1,positive,true,java-backend-chen,java-backend-payment,900,120,3,0.700000,2,2,2,2,0,0,1.000000,1.000000,1.000000,true,true,1559,3585,1491,3341
rag,P1,positive,true,java-backend-chen,java-backend-payment,900,120,3,0.720000,2,2,2,2,0,0,1.000000,1.000000,1.000000,true,true,1559,3585,1491,3341
rag,P1,positive,true,java-backend-chen,java-backend-payment,900,120,3,0.750000,2,2,2,2,0,0,1.000000,1.000000,1.000000,true,true,1559,3585,1491,3341
rag,P1,positive,true,java-backend-chen,java-backend-payment,900,120,3,0.800000,2,2,2,2,0,0,1.000000,1.000000,1.000000,true,true,1559,3585,1491,3341
rag,P1,positive,true,java-backend-chen,java-backend-payment,900,120,5,0.650000,2,2,2,2,0,0,1.000000,1.000000,1.000000,true,true,1559,3585,1491,3341
rag,P1,positive,true,java-backend-chen,java-backend-payment,900,120,5,0.700000,2,2,2,2,0,0,1.000000,1.000000,1.000000,true,true,1559,3585,1491,3341
rag,P1,positive,true,java-backend-chen,java-backend-payment,900,120,5,0.720000,2,2,2,2,0,0,1.000000,1.000000,1.000000,true,true,1559,3585,1491,3341
rag,P1,positive,true,java-backend-chen,java-backend-payment,900,120,5,0.750000,2,2,2,2,0,0,1.000000,1.000000,1.000000,true,true,1559,3585,1491,3341
rag,P1,positive,true,java-backend-chen,java-backend-payment,900,120,5,0.800000,2,2,2,2,0,0,1.000000,1.000000,1.000000,true,true,1559,3585,1491,3341
full_text,P2,positive,true,frontend-lin,frontend-react,900,120,0,0.000000,2,2,2,2,0,0,1.000000,1.000000,1.000000,true,true,1453,3017,1453,3017
rag,P2,positive,true,frontend-lin,frontend-react,900,120,1,0.650000,2,2,1,1,0,1,1.000000,0.500000,0.666667,true,true,894,1776,1453,3017
rag,P2,positive,true,frontend-lin,frontend-react,900,120,1,0.700000,2,2,1,1,0,1,1.000000,0.500000,0.666667,true,true,894,1776,1453,3017
rag,P2,positive,true,frontend-lin,frontend-react,900,120,1,0.720000,2,2,1,1,0,1,1.000000,0.500000,0.666667,true,true,894,1776,1453,3017
rag,P2,positive,true,frontend-lin,frontend-react,900,120,1,0.750000,2,2,1,1,0,1,1.000000,0.500000,0.666667,true,true,894,1776,1453,3017
rag,P2,positive,true,frontend-lin,frontend-react,900,120,1,0.800000,2,2,1,1,0,1,1.000000,0.500000,0.666667,true,true,894,1776,1453,3017
rag,P2,positive,true,frontend-lin,frontend-react,900,120,3,0.650000,2,2,2,2,0,0,1.000000,1.000000,1.000000,true,true,1520,3192,1453,3017
rag,P2,positive,true,frontend-lin,frontend-react,900,120,3,0.700000,2,2,2,2,0,0,1.000000,1.000000,1.000000,true,true,1520,3192,1453,3017
rag,P2,positive,true,frontend-lin,frontend-react,900,120,3,0.720000,2,2,2,2,0,0,1.000000,1.000000,1.000000,true,true,1520,3192,1453,3017
rag,P2,positive,true,frontend-lin,frontend-react,900,120,3,0.750000,2,2,2,2,0,0,1.000000,1.000000,1.000000,true,true,1520,3192,1453,3017
rag,P2,positive,true,frontend-lin,frontend-react,900,120,3,0.800000,2,2,1,1,0,1,1.000000,0.500000,0.666667,true,true,894,1776,1453,3017
rag,P2,positive,true,frontend-lin,frontend-react,900,120,5,0.650000,2,2,2,2,0,0,1.000000,1.000000,1.000000,true,true,1520,3192,1453,3017
rag,P2,positive,true,frontend-lin,frontend-react,900,120,5,0.700000,2,2,2,2,0,0,1.000000,1.000000,1.000000,true,true,1520,3192,1453,3017
rag,P2,positive,true,frontend-lin,frontend-react,900,120,5,0.720000,2,2,2,2,0,0,1.000000,1.000000,1.000000,true,true,1520,3192,1453,3017
rag,P2,positive,true,frontend-lin,frontend-react,900,120,5,0.750000,2,2,2,2,0,0,1.000000,1.000000,1.000000,true,true,1520,3192,1453,3017
rag,P2,positive,true,frontend-lin,frontend-react,900,120,5,0.800000,2,2,1,1,0,1,1.000000,0.500000,0.666667,true,true,894,1776,1453,3017
full_text,P3,positive,true,algorithm-zhou,algorithm-recsys,900,120,0,0.000000,2,2,2,2,0,0,1.000000,1.000000,1.000000,true,true,1182,2702,1182,2702
rag,P3,positive,true,algorithm-zhou,algorithm-recsys,900,120,1,0.650000,2,2,1,1,0,1,1.000000,0.500000,0.666667,true,true,871,2023,1182,2702
rag,P3,positive,true,algorithm-zhou,algorithm-recsys,900,120,1,0.700000,2,2,1,1,0,1,1.000000,0.500000,0.666667,true,true,871,2023,1182,2702
rag,P3,positive,true,algorithm-zhou,algorithm-recsys,900,120,1,0.720000,2,2,1,1,0,1,1.000000,0.500000,0.666667,true,true,871,2023,1182,2702
rag,P3,positive,true,algorithm-zhou,algorithm-recsys,900,120,1,0.750000,2,2,1,1,0,1,1.000000,0.500000,0.666667,true,true,871,2023,1182,2702
rag,P3,positive,true,algorithm-zhou,algorithm-recsys,900,120,1,0.800000,2,2,1,1,0,1,1.000000,0.500000,0.666667,true,true,871,2023,1182,2702
rag,P3,positive,true,algorithm-zhou,algorithm-recsys,900,120,3,0.650000,2,2,2,2,0,0,1.000000,1.000000,1.000000,true,true,1256,2978,1182,2702
rag,P3,positive,true,algorithm-zhou,algorithm-recsys,900,120,3,0.700000,2,2,2,2,0,0,1.000000,1.000000,1.000000,true,true,1256,2978,1182,2702
rag,P3,positive,true,algorithm-zhou,algorithm-recsys,900,120,3,0.720000,2,2,2,2,0,0,1.000000,1.000000,1.000000,true,true,1256,2978,1182,2702
rag,P3,positive,true,algorithm-zhou,algorithm-recsys,900,120,3,0.750000,2,2,2,2,0,0,1.000000,1.000000,1.000000,true,true,1256,2978,1182,2702
rag,P3,positive,true,algorithm-zhou,algorithm-recsys,900,120,3,0.800000,2,2,1,1,0,1,1.000000,0.500000,0.666667,true,true,871,2023,1182,2702
rag,P3,positive,true,algorithm-zhou,algorithm-recsys,900,120,5,0.650000,2,2,2,2,0,0,1.000000,1.000000,1.000000,true,true,1256,2978,1182,2702
rag,P3,positive,true,algorithm-zhou,algorithm-recsys,900,120,5,0.700000,2,2,2,2,0,0,1.000000,1.000000,1.000000,true,true,1256,2978,1182,2702
rag,P3,positive,true,algorithm-zhou,algorithm-recsys,900,120,5,0.720000,2,2,2,2,0,0,1.000000,1.000000,1.000000,true,true,1256,2978,1182,2702
rag,P3,positive,true,algorithm-zhou,algorithm-recsys,900,120,5,0.750000,2,2,2,2,0,0,1.000000,1.000000,1.000000,true,true,1256,2978,1182,2702
rag,P3,positive,true,algorithm-zhou,algorithm-recsys,900,120,5,0.800000,2,2,1,1,0,1,1.000000,0.500000,0.666667,true,true,871,2023,1182,2702
full_text,P4,positive,true,analyst-wu,data-analyst,900,120,0,0.000000,2,2,2,2,0,0,1.000000,1.000000,1.000000,true,true,1056,2512,1056,2512
rag,P4,positive,true,analyst-wu,data-analyst,900,120,1,0.650000,2,2,1,1,0,1,1.000000,0.500000,0.666667,true,true,874,2088,1056,2512
rag,P4,positive,true,analyst-wu,data-analyst,900,120,1,0.700000,2,2,1,1,0,1,1.000000,0.500000,0.666667,true,true,874,2088,1056,2512
rag,P4,positive,true,analyst-wu,data-analyst,900,120,1,0.720000,2,2,1,1,0,1,1.000000,0.500000,0.666667,true,true,874,2088,1056,2512
rag,P4,positive,true,analyst-wu,data-analyst,900,120,1,0.750000,2,2,1,1,0,1,1.000000,0.500000,0.666667,true,true,874,2088,1056,2512
rag,P4,positive,true,analyst-wu,data-analyst,900,120,1,0.800000,2,2,1,1,0,1,1.000000,0.500000,0.666667,true,true,874,2088,1056,2512
rag,P4,positive,true,analyst-wu,data-analyst,900,120,3,0.650000,2,2,2,2,0,0,1.000000,1.000000,1.000000,true,true,1131,2747,1056,2512
rag,P4,positive,true,analyst-wu,data-analyst,900,120,3,0.700000,2,2,2,2,0,0,1.000000,1.000000,1.000000,true,true,1131,2747,1056,2512
rag,P4,positive,true,analyst-wu,data-analyst,900,120,3,0.720000,2,2,2,2,0,0,1.000000,1.000000,1.000000,true,true,1131,2747,1056,2512
rag,P4,positive,true,analyst-wu,data-analyst,900,120,3,0.750000,2,2,2,2,0,0,1.000000,1.000000,1.000000,true,true,1131,2747,1056,2512
rag,P4,positive,true,analyst-wu,data-analyst,900,120,3,0.800000,2,2,1,1,0,1,1.000000,0.500000,0.666667,true,true,874,2088,1056,2512
rag,P4,positive,true,analyst-wu,data-analyst,900,120,5,0.650000,2,2,2,2,0,0,1.000000,1.000000,1.000000,true,true,1131,2747,1056,2512
rag,P4,positive,true,analyst-wu,data-analyst,900,120,5,0.700000,2,2,2,2,0,0,1.000000,1.000000,1.000000,true,true,1131,2747,1056,2512
rag,P4,positive,true,analyst-wu,data-analyst,900,120,5,0.720000,2,2,2,2,0,0,1.000000,1.000000,1.000000,true,true,1131,2747,1056,2512
rag,P4,positive,true,analyst-wu,data-analyst,900,120,5,0.750000,2,2,2,2,0,0,1.000000,1.000000,1.000000,true,true,1131,2747,1056,2512
rag,P4,positive,true,analyst-wu,data-analyst,900,120,5,0.800000,2,2,1,1,0,1,1.000000,0.500000,0.666667,true,true,874,2088,1056,2512
full_text,P5,positive,true,nurse-zhao,nurse-cardiology,900,120,0,0.000000,2,1,2,1,1,0,0.500000,1.000000,0.666667,true,true,1023,2571,1023,2571
rag,P5,positive,true,nurse-zhao,nurse-cardiology,900,120,1,0.650000,2,1,1,1,0,0,1.000000,1.000000,1.000000,true,true,878,2228,1023,2571
rag,P5,positive,true,nurse-zhao,nurse-cardiology,900,120,1,0.700000,2,1,1,1,0,0,1.000000,1.000000,1.000000,true,true,878,2228,1023,2571
rag,P5,positive,true,nurse-zhao,nurse-cardiology,900,120,1,0.720000,2,1,1,1,0,0,1.000000,1.000000,1.000000,true,true,878,2228,1023,2571
rag,P5,positive,true,nurse-zhao,nurse-cardiology,900,120,1,0.750000,2,1,1,1,0,0,1.000000,1.000000,1.000000,true,true,878,2228,1023,2571
rag,P5,positive,true,nurse-zhao,nurse-cardiology,900,120,1,0.800000,2,1,1,1,0,0,1.000000,1.000000,1.000000,true,true,878,2228,1023,2571
rag,P5,positive,true,nurse-zhao,nurse-cardiology,900,120,3,0.650000,2,1,2,1,1,0,0.500000,1.000000,0.666667,true,true,1102,2832,1023,2571
rag,P5,positive,true,nurse-zhao,nurse-cardiology,900,120,3,0.700000,2,1,2,1,1,0,0.500000,1.000000,0.666667,true,true,1102,2832,1023,2571
rag,P5,positive,true,nurse-zhao,nurse-cardiology,900,120,3,0.720000,2,1,2,1,1,0,0.500000,1.000000,0.666667,true,true,1102,2832,1023,2571
rag,P5,positive,true,nurse-zhao,nurse-cardiology,900,120,3,0.750000,2,1,2,1,1,0,0.500000,1.000000,0.666667,true,true,1102,2832,1023,2571
rag,P5,positive,true,nurse-zhao,nurse-cardiology,900,120,3,0.800000,2,1,2,1,1,0,0.500000,1.000000,0.666667,true,true,1102,2832,1023,2571
rag,P5,positive,true,nurse-zhao,nurse-cardiology,900,120,5,0.650000,2,1,2,1,1,0,0.500000,1.000000,0.666667,true,true,1102,2832,1023,2571
rag,P5,positive,true,nurse-zhao,nurse-cardiology,900,120,5,0.700000,2,1,2,1,1,0,0.500000,1.000000,0.666667,true,true,1102,2832,1023,2571
rag,P5,positive,true,nurse-zhao,nurse-cardiology,900,120,5,0.720000,2,1,2,1,1,0,0.500000,1.000000,0.666667,true,true,1102,2832,1023,2571
rag,P5,positive,true,nurse-zhao,nurse-cardiology,900,120,5,0.750000,2,1,2,1,1,0,0.500000,1.000000,0.666667,true,true,1102,2832,1023,2571
rag,P5,positive,true,nurse-zhao,nurse-cardiology,900,120,5,0.800000,2,1,2,1,1,0,0.500000,1.000000,0.666667,true,true,1102,2832,1023,2571
full_text,P6,positive,true,accountant-sun,accountant,900,120,0,0.000000,2,2,2,2,0,0,1.000000,1.000000,1.000000,true,true,1147,2987,1147,2987
rag,P6,positive,true,accountant-sun,accountant,900,120,1,0.650000,2,2,1,1,0,1,1.000000,0.500000,0.666667,true,true,894,2350,1147,2987
rag,P6,positive,true,accountant-sun,accountant,900,120,1,0.700000,2,2,1,1,0,1,1.000000,0.500000,0.666667,true,true,894,2350,1147,2987
rag,P6,positive,true,accountant-sun,accountant,900,120,1,0.720000,2,2,1,1,0,1,1.000000,0.500000,0.666667,true,true,894,2350,1147,2987
rag,P6,positive,true,accountant-sun,accountant,900,120,1,0.750000,2,2,1,1,0,1,1.000000,0.500000,0.666667,true,true,894,2350,1147,2987
rag,P6,positive,true,accountant-sun,accountant,900,120,1,0.800000,2,2,1,1,0,1,1.000000,0.500000,0.666667,true,true,894,2350,1147,2987
rag,P6,positive,true,accountant-sun,accountant,900,120,3,0.650000,2,2,2,2,0,0,1.000000,1.000000,1.000000,true,true,1217,3275,1147,2987
rag,P6,positive,true,accountant-sun,accountant,900,120,3,0.700000,2,2,2,2,0,0,1.000000,1.000000,1.000000,true,true,1217,3275,1147,2987
rag,P6,positive,true,accountant-sun,accountant,900,120,3,0.720000,2,2,2,2,0,0,1.000000,1.000000,1.000000,true,true,1217,3275,1147,2987
rag,P6,positive,true,accountant-sun,accountant,900,120,3,0.750000,2,2,2,2,0,0,1.000000,1.000000,1.000000,true,true,1217,3275,1147,2987
rag,P6,positive,true,accountant-sun,accountant,900,120,3,0.800000,2,2,2,2,0,0,1.000000,1.000000,1.000000,true,true,1217,3275,1147,2987
rag,P6,positive,true,accountant-sun,accountant,900,120,5,0.650000,2,2,2,2,0,0,1.000000,1.000000,1.000000,true,true,1217,3275,1147,2987
rag,P6,positive,true,accountant-sun,accountant,900,120,5,0.700000,2,2,2,2,0,0,1.000000,1.000000,1.000000,true,true,1217,3275,1147,2987
rag,P6,positive,true,accountant-sun,accountant,900,120,5,0.720000,2,2,2,2,0,0,1.000000,1.000000,1.000000,true,true,1217,3275,1147,2987
rag,P6,positive,true,accountant-sun,accountant,900,120,5,0.750000,2,2,2,2,0,0,1.000000,1.000000,1.000000,true,true,1217,3275,1147,2987
rag,P6,positive,true,accountant-sun,accountant,900,120,5,0.800000,2,2,2,2,0,0,1.000000,1.000000,1.000000,true,true,1217,3275,1147,2987
full_text,N1,negative,false,java-backend-chen,nurse-cardiology,900,120,0,0.000000,2,0,2,0,2,0,0.000000,0.000000,0.000000,true,false,1491,3341,1491,3341
rag,N1,negative,false,java-backend-chen,nurse-cardiology,900,120,1,0.650000,2,0,0,0,0,0,0.000000,0.000000,0.000000,false,true,0,0,1491,3341
rag,N1,negative,false,java-backend-chen,nurse-cardiology,900,120,1,0.700000,2,0,0,0,0,0,0.000000,0.000000,0.000000,false,true,0,0,1491,3341
rag,N1,negative,false,java-backend-chen,nurse-cardiology,900,120,1,0.720000,2,0,0,0,0,0,0.000000,0.000000,0.000000,false,true,0,0,1491,3341
rag,N1,negative,false,java-backend-chen,nurse-cardiology,900,120,1,0.750000,2,0,0,0,0,0,0.000000,0.000000,0.000000,false,true,0,0,1491,3341
rag,N1,negative,false,java-backend-chen,nurse-cardiology,900,120,1,0.800000,2,0,0,0,0,0,0.000000,0.000000,0.000000,false,true,0,0,1491,3341
rag,N1,negative,false,java-backend-chen,nurse-cardiology,900,120,3,0.650000,2,0,0,0,0,0,0.000000,0.000000,0.000000,false,true,0,0,1491,3341
rag,N1,negative,false,java-backend-chen,nurse-cardiology,900,120,3,0.700000,2,0,0,0,0,0,0.000000,0.000000,0.000000,false,true,0,0,1491,3341
rag,N1,negative,false,java-backend-chen,nurse-cardiology,900,120,3,0.720000,2,0,0,0,0,0,0.000000,0.000000,0.000000,false,true,0,0,1491,3341
rag,N1,negative,false,java-backend-chen,nurse-cardiology,900,120,3,0.750000,2,0,0,0,0,0,0.000000,0.000000,0.000000,false,true,0,0,1491,3341
rag,N1,negative,false,java-backend-chen,nurse-cardiology,900,120,3,0.800000,2,0,0,0,0,0,0.000000,0.000000,0.000000,false,true,0,0,1491,3341
rag,N1,negative,false,java-backend-chen,nurse-cardiology,900,120,5,0.650000,2,0,0,0,0,0,0.000000,0.000000,0.000000,false,true,0,0,1491,3341
rag,N1,negative,false,java-backend-chen,nurse-cardiology,900,120,5,0.700000,2,0,0,0,0,0,0.000000,0.000000,0.000000,false,true,0,0,1491,3341
rag,N1,negative,false,java-backend-chen,nurse-cardiology,900,120,5,0.720000,2,0,0,0,0,0,0.000000,0.000000,0.000000,false,true,0,0,1491,3341
rag,N1,negative,false,java-backend-chen,nurse-cardiology,900,120,5,0.750000,2,0,0,0,0,0,0.000000,0.000000,0.000000,false,true,0,0,1491,3341
rag,N1,negative,false,java-backend-chen,nurse-cardiology,900,120,5,0.800000,2,0,0,0,0,0,0.000000,0.000000,0.000000,false,true,0,0,1491,3341
full_text,N2,negative,false,java-backend-chen,accountant,900,120,0,0.000000,2,0,2,0,2,0,0.000000,0.000000,0.000000,true,false,1491,3341,1491,3341
rag,N2,negative,false,java-backend-chen,accountant,900,120,1,0.650000,2,0,0,0,0,0,0.000000,0.000000,0.000000,false,true,0,0,1491,3341
rag,N2,negative,false,java-backend-chen,accountant,900,120,1,0.700000,2,0,0,0,0,0,0.000000,0.000000,0.000000,false,true,0,0,1491,3341
rag,N2,negative,false,java-backend-chen,accountant,900,120,1,0.720000,2,0,0,0,0,0,0.000000,0.000000,0.000000,false,true,0,0,1491,3341
rag,N2,negative,false,java-backend-chen,accountant,900,120,1,0.750000,2,0,0,0,0,0,0.000000,0.000000,0.000000,false,true,0,0,1491,3341
rag,N2,negative,false,java-backend-chen,accountant,900,120,1,0.800000,2,0,0,0,0,0,0.000000,0.000000,0.000000,false,true,0,0,1491,3341
rag,N2,negative,false,java-backend-chen,accountant,900,120,3,0.650000,2,0,0,0,0,0,0.000000,0.000000,0.000000,false,true,0,0,1491,3341
rag,N2,negative,false,java-backend-chen,accountant,900,120,3,0.700000,2,0,0,0,0,0,0.000000,0.000000,0.000000,false,true,0,0,1491,3341
rag,N2,negative,false,java-backend-chen,accountant,900,120,3,0.720000,2,0,0,0,0,0,0.000000,0.000000,0.000000,false,true,0,0,1491,3341
rag,N2,negative,false,java-backend-chen,accountant,900,120,3,0.750000,2,0,0,0,0,0,0.000000,0.000000,0.000000,false,true,0,0,1491,3341
rag,N2,negative,false,java-backend-chen,accountant,900,120,3,0.800000,2,0,0,0,0,0,0.000000,0.000000,0.000000,false,true,0,0,1491,3341
rag,N2,negative,false,java-backend-chen,accountant,900,120,5,0.650000,2,0,0,0,0,0,0.000000,0.000000,0.000000,false,true,0,0,1491,3341
rag,N2,negative,false,java-backend-chen,accountant,900,120,5,0.700000,2,0,0,0,0,0,0.000000,0.000000,0.000000,false,true,0,0,1491,3341
rag,N2,negative,false,java-backend-chen,accountant,900,120,5,0.720000,2,0,0,0,0,0,0.000000,0.000000,0.000000,false,true,0,0,1491,3341
rag,N2,negative,false,java-backend-chen,accountant,900,120,5,0.750000,2,0,0,0,0,0,0.000000,0.000000,0.000000,false,true,0,0,1491,3341
rag,N2,negative,false,java-backend-chen,accountant,900,120,5,0.800000,2,0,0,0,0,0,0.000000,0.000000,0.000000,false,true,0,0,1491,3341
full_text,N3,negative,false,frontend-lin,accountant,900,120,0,0.000000,2,0,2,0,2,0,0.000000,0.000000,0.000000,true,false,1453,3017,1453,3017
rag,N3,negative,false,frontend-lin,accountant,900,120,1,0.650000,2,0,0,0,0,0,0.000000,0.000000,0.000000,false,true,0,0,1453,3017
rag,N3,negative,false,frontend-lin,accountant,900,120,1,0.700000,2,0,0,0,0,0,0.000000,0.000000,0.000000,false,true,0,0,1453,3017
rag,N3,negative,false,frontend-lin,accountant,900,120,1,0.720000,2,0,0,0,0,0,0.000000,0.000000,0.000000,false,true,0,0,1453,3017
rag,N3,negative,false,frontend-lin,accountant,900,120,1,0.750000,2,0,0,0,0,0,0.000000,0.000000,0.000000,false,true,0,0,1453,3017
rag,N3,negative,false,frontend-lin,accountant,900,120,1,0.800000,2,0,0,0,0,0,0.000000,0.000000,0.000000,false,true,0,0,1453,3017
rag,N3,negative,false,frontend-lin,accountant,900,120,3,0.650000,2,0,0,0,0,0,0.000000,0.000000,0.000000,false,true,0,0,1453,3017
rag,N3,negative,false,frontend-lin,accountant,900,120,3,0.700000,2,0,0,0,0,0,0.000000,0.000000,0.000000,false,true,0,0,1453,3017
rag,N3,negative,false,frontend-lin,accountant,900,120,3,0.720000,2,0,0,0,0,0,0.000000,0.000000,0.000000,false,true,0,0,1453,3017
rag,N3,negative,false,frontend-lin,accountant,900,120,3,0.750000,2,0,0,0,0,0,0.000000,0.000000,0.000000,false,true,0,0,1453,3017
rag,N3,negative,false,frontend-lin,accountant,900,120,3,0.800000,2,0,0,0,0,0,0.000000,0.000000,0.000000,false,true,0,0,1453,3017
rag,N3,negative,false,frontend-lin,accountant,900,120,5,0.650000,2,0,0,0,0,0,0.000000,0.000000,0.000000,false,true,0,0,1453,3017
rag,N3,negative,false,frontend-lin,accountant,900,120,5,0.700000,2,0,0,0,0,0,0.000000,0.000000,0.000000,false,true,0,0,1453,3017
rag,N3,negative,false,frontend-lin,accountant,900,120,5,0.720000,2,0,0,0,0,0,0.000000,0.000000,0.000000,false,true,0,0,1453,3017
rag,N3,negative,false,frontend-lin,accountant,900,120,5,0.750000,2,0,0,0,0,0,0.000000,0.000000,0.000000,false,true,0,0,1453,3017
rag,N3,negative,false,frontend-lin,accountant,900,120,5,0.800000,2,0,0,0,0,0,0.000000,0.000000,0.000000,false,true,0,0,1453,3017
full_text,N4,negative,false,nurse-zhao,java-backend-payment,900,120,0,0.000000,2,0,2,0,2,0,0.000000,0.000000,0.000000,true,false,1023,2571,1023,2571
rag,N4,negative,false,nurse-zhao,java-backend-payment,900,120,1,0.650000,2,0,0,0,0,0,0.000000,0.000000,0.000000,false,true,0,0,1023,2571
rag,N4,negative,false,nurse-zhao,java-backend-payment,900,120,1,0.700000,2,0,0,0,0,0,0.000000,0.000000,0.000000,false,true,0,0,1023,2571
rag,N4,negative,false,nurse-zhao,java-backend-payment,900,120,1,0.720000,2,0,0,0,0,0,0.000000,0.000000,0.000000,false,true,0,0,1023,2571
rag,N4,negative,false,nurse-zhao,java-backend-payment,900,120,1,0.750000,2,0,0,0,0,0,0.000000,0.000000,0.000000,false,true,0,0,1023,2571
rag,N4,negative,false,nurse-zhao,java-backend-payment,900,120,1,0.800000,2,0,0,0,0,0,0.000000,0.000000,0.000000,false,true,0,0,1023,2571
rag,N4,negative,false,nurse-zhao,java-backend-payment,900,120,3,0.650000,2,0,0,0,0,0,0.000000,0.000000,0.000000,false,true,0,0,1023,2571
rag,N4,negative,false,nurse-zhao,java-backend-payment,900,120,3,0.700000,2,0,0,0,0,0,0.000000,0.000000,0.000000,false,true,0,0,1023,2571
rag,N4,negative,false,nurse-zhao,java-backend-payment,900,120,3,0.720000,2,0,0,0,0,0,0.000000,0.000000,0.000000,false,true,0,0,1023,2571
rag,N4,negative,false,nurse-zhao,java-backend-payment,900,120,3,0.750000,2,0,0,0,0,0,0.000000,0.000000,0.000000,false,true,0,0,1023,2571
rag,N4,negative,false,nurse-zhao,java-backend-payment,900,120,3,0.800000,2,0,0,0,0,0,0.000000,0.000000,0.000000,false,true,0,0,1023,2571
rag,N4,negative,false,nurse-zhao,java-backend-payment,900,120,5,0.650000,2,0,0,0,0,0,0.000000,0.000000,0.000000,false,true,0,0,1023,2571
rag,N4,negative,false,nurse-zhao,java-backend-payment,900,120,5,0.700000,2,0,0,0,0,0,0.000000,0.000000,0.000000,false,true,0,0,1023,2571
rag,N4,negative,false,nurse-zhao,java-backend-payment,900,120,5,0.720000,2,0,0,0,0,0,0.000000,0.000000,0.000000,false,true,0,0,1023,2571
rag,N4,negative,false,nurse-zhao,java-backend-payment,900,120,5,0.750000,2,0,0,0,0,0,0.000000,0.000000,0.000000,false,true,0,0,1023,2571
rag,N4,negative,false,nurse-zhao,java-backend-payment,900,120,5,0.800000,2,0,0,0,0,0,0.000000,0.000000,0.000000,false,true,0,0,1023,2571
full_text,N5,negative,false,accountant-sun,frontend-react,900,120,0,0.000000,2,0,2,0,2,0,0.000000,0.000000,0.000000,true,false,1147,2987,1147,2987
rag,N5,negative,false,accountant-sun,frontend-react,900,120,1,0.650000,2,0,0,0,0,0,0.000000,0.000000,0.000000,false,true,0,0,1147,2987
rag,N5,negative,false,accountant-sun,frontend-react,900,120,1,0.700000,2,0,0,0,0,0,0.000000,0.000000,0.000000,false,true,0,0,1147,2987
rag,N5,negative,false,accountant-sun,frontend-react,900,120,1,0.720000,2,0,0,0,0,0,0.000000,0.000000,0.000000,false,true,0,0,1147,2987
rag,N5,negative,false,accountant-sun,frontend-react,900,120,1,0.750000,2,0,0,0,0,0,0.000000,0.000000,0.000000,false,true,0,0,1147,2987
rag,N5,negative,false,accountant-sun,frontend-react,900,120,1,0.800000,2,0,0,0,0,0,0.000000,0.000000,0.000000,false,true,0,0,1147,2987
rag,N5,negative,false,accountant-sun,frontend-react,900,120,3,0.650000,2,0,0,0,0,0,0.000000,0.000000,0.000000,false,true,0,0,1147,2987
rag,N5,negative,false,accountant-sun,frontend-react,900,120,3,0.700000,2,0,0,0,0,0,0.000000,0.000000,0.000000,false,true,0,0,1147,2987
rag,N5,negative,false,accountant-sun,frontend-react,900,120,3,0.720000,2,0,0,0,0,0,0.000000,0.000000,0.000000,false,true,0,0,1147,2987
rag,N5,negative,false,accountant-sun,frontend-react,900,120,3,0.750000,2,0,0,0,0,0,0.000000,0.000000,0.000000,false,true,0,0,1147,2987
rag,N5,negative,false,accountant-sun,frontend-react,900,120,3,0.800000,2,0,0,0,0,0,0.000000,0.000000,0.000000,false,true,0,0,1147,2987
rag,N5,negative,false,accountant-sun,frontend-react,900,120,5,0.650000,2,0,0,0,0,0,0.000000,0.000000,0.000000,false,true,0,0,1147,2987
rag,N5,negative,false,accountant-sun,frontend-react,900,120,5,0.700000,2,0,0,0,0,0,0.000000,0.000000,0.000000,false,true,0,0,1147,2987
rag,N5,negative,false,accountant-sun,frontend-react,900,120,5,0.720000,2,0,0,0,0,0,0.000000,0.000000,0.000000,false,true,0,0,1147,2987
rag,N5,negative,false,accountant-sun,frontend-react,900,120,5,0.750000,2,0,0,0,0,0,0.000000,0.000000,0.000000,false,true,0,0,1147,2987
rag,N5,negative,false,accountant-sun,frontend-react,900,120,5,0.800000,2,0,0,0,0,0,0.000000,0.000000,0.000000,false,true,0,0,1147,2987
full_text,N6,negative,false,algorithm-zhou,nurse-cardiology,900,120,0,0.000000,2,0,2,0,2,0,0.000000,0.000000,0.000000,true,false,1182,2702,1182,2702
rag,N6,negative,false,algorithm-zhou,nurse-cardiology,900,120,1,0.650000,2,0,0,0,0,0,0.000000,0.000000,0.000000,false,true,0,0,1182,2702
rag,N6,negative,false,algorithm-zhou,nurse-cardiology,900,120,1,0.700000,2,0,0,0,0,0,0.000000,0.000000,0.000000,false,true,0,0,1182,2702
rag,N6,negative,false,algorithm-zhou,nurse-cardiology,900,120,1,0.720000,2,0,0,0,0,0,0.000000,0.000000,0.000000,false,true,0,0,1182,2702
rag,N6,negative,false,algorithm-zhou,nurse-cardiology,900,120,1,0.750000,2,0,0,0,0,0,0.000000,0.000000,0.000000,false,true,0,0,1182,2702
rag,N6,negative,false,algorithm-zhou,nurse-cardiology,900,120,1,0.800000,2,0,0,0,0,0,0.000000,0.000000,0.000000,false,true,0,0,1182,2702
rag,N6,negative,false,algorithm-zhou,nurse-cardiology,900,120,3,0.650000,2,0,0,0,0,0,0.000000,0.000000,0.000000,false,true,0,0,1182,2702
rag,N6,negative,false,algorithm-zhou,nurse-cardiology,900,120,3,0.700000,2,0,0,0,0,0,0.000000,0.000000,0.000000,false,true,0,0,1182,2702
rag,N6,negative,false,algorithm-zhou,nurse-cardiology,900,120,3,0.720000,2,0,0,0,0,0,0.000000,0.000000,0.000000,false,true,0,0,1182,2702
rag,N6,negative,false,algorithm-zhou,nurse-cardiology,900,120,3,0.750000,2,0,0,0,0,0,0.000000,0.000000,0.000000,false,true,0,0,1182,2702
rag,N6,negative,false,algorithm-zhou,nurse-cardiology,900,120,3,0.800000,2,0,0,0,0,0,0.000000,0.000000,0.000000,false,true,0,0,1182,2702
rag,N6,negative,false,algorithm-zhou,nurse-cardiology,900,120,5,0.650000,2,0,0,0,0,0,0.000000,0.000000,0.000000,false,true,0,0,1182,2702
rag,N6,negative,false,algorithm-zhou,nurse-cardiology,900,120,5,0.700000,2,0,0,0,0,0,0.000000,0.000000,0.000000,false,true,0,0,1182,2702
rag,N6,negative,false,algorithm-zhou,nurse-cardiology,900,120,5,0.720000,2,0,0,0,0,0,0.000000,0.000000,0.000000,false,true,0,0,1182,2702
rag,N6,negative,false,algorithm-zhou,nurse-cardiology,900,120,5,0.750000,2,0,0,0,0,0,0.000000,0.000000,0.000000,false,true,0,0,1182,2702
rag,N6,negative,false,algorithm-zhou,nurse-cardiology,900,120,5,0.800000,2,0,0,0,0,0,0.000000,0.000000,0.000000,false,true,0,0,1182,2702
full_text,H1,hard_negative,false,java-backend-chen,frontend-react,900,120,0,0.000000,2,0,2,0,2,0,0.000000,0.000000,0.000000,true,false,1491,3341,1491,3341
rag,H1,hard_negative,false,java-backend-chen,frontend-react,900,120,1,0.650000,2,0,1,0,1,0,0.000000,0.000000,0.000000,true,false,899,1981,1491,3341
rag,H1,hard_negative,false,java-backend-chen,frontend-react,900,120,1,0.700000,2,0,0,0,0,0,0.000000,0.000000,0.000000,false,true,0,0,1491,3341
rag,H1,hard_negative,false,java-backend-chen,frontend-react,900,120,1,0.720000,2,0,0,0,0,0,0.000000,0.000000,0.000000,false,true,0,0,1491,3341
rag,H1,hard_negative,false,java-backend-chen,frontend-react,900,120,1,0.750000,2,0,0,0,0,0,0.000000,0.000000,0.000000,false,true,0,0,1491,3341
rag,H1,hard_negative,false,java-backend-chen,frontend-react,900,120,1,0.800000,2,0,0,0,0,0,0.000000,0.000000,0.000000,false,true,0,0,1491,3341
rag,H1,hard_negative,false,java-backend-chen,frontend-react,900,120,3,0.650000,2,0,1,0,1,0,0.000000,0.000000,0.000000,true,false,899,1981,1491,3341
rag,H1,hard_negative,false,java-backend-chen,frontend-react,900,120,3,0.700000,2,0,0,0,0,0,0.000000,0.000000,0.000000,false,true,0,0,1491,3341
rag,H1,hard_negative,false,java-backend-chen,frontend-react,900,120,3,0.720000,2,0,0,0,0,0,0.000000,0.000000,0.000000,false,true,0,0,1491,3341
rag,H1,hard_negative,false,java-backend-chen,frontend-react,900,120,3,0.750000,2,0,0,0,0,0,0.000000,0.000000,0.000000,false,true,0,0,1491,3341
rag,H1,hard_negative,false,java-backend-chen,frontend-react,900,120,3,0.800000,2,0,0,0,0,0,0.000000,0.000000,0.000000,false,true,0,0,1491,3341
rag,H1,hard_negative,false,java-backend-chen,frontend-react,900,120,5,0.650000,2,0,1,0,1,0,0.000000,0.000000,0.000000,true,false,899,1981,1491,3341
rag,H1,hard_negative,false,java-backend-chen,frontend-react,900,120,5,0.700000,2,0,0,0,0,0,0.000000,0.000000,0.000000,false,true,0,0,1491,3341
rag,H1,hard_negative,false,java-backend-chen,frontend-react,900,120,5,0.720000,2,0,0,0,0,0,0.000000,0.000000,0.000000,false,true,0,0,1491,3341
rag,H1,hard_negative,false,java-backend-chen,frontend-react,900,120,5,0.750000,2,0,0,0,0,0,0.000000,0.000000,0.000000,false,true,0,0,1491,3341
rag,H1,hard_negative,false,java-backend-chen,frontend-react,900,120,5,0.800000,2,0,0,0,0,0,0.000000,0.000000,0.000000,false,true,0,0,1491,3341
full_text,H2,hard_negative,false,frontend-lin,java-backend-payment,900,120,0,0.000000,2,0,2,0,2,0,0.000000,0.000000,0.000000,true,false,1453,3017,1453,3017
rag,H2,hard_negative,false,frontend-lin,java-backend-payment,900,120,1,0.650000,2,0,1,0,1,0,0.000000,0.000000,0.000000,true,false,894,1776,1453,3017
rag,H2,hard_negative,false,frontend-lin,java-backend-payment,900,120,1,0.700000,2,0,0,0,0,0,0.000000,0.000000,0.000000,false,true,0,0,1453,3017
rag,H2,hard_negative,false,frontend-lin,java-backend-payment,900,120,1,0.720000,2,0,0,0,0,0,0.000000,0.000000,0.000000,false,true,0,0,1453,3017
rag,H2,hard_negative,false,frontend-lin,java-backend-payment,900,120,1,0.750000,2,0,0,0,0,0,0.000000,0.000000,0.000000,false,true,0,0,1453,3017
rag,H2,hard_negative,false,frontend-lin,java-backend-payment,900,120,1,0.800000,2,0,0,0,0,0,0.000000,0.000000,0.000000,false,true,0,0,1453,3017
rag,H2,hard_negative,false,frontend-lin,java-backend-payment,900,120,3,0.650000,2,0,1,0,1,0,0.000000,0.000000,0.000000,true,false,894,1776,1453,3017
rag,H2,hard_negative,false,frontend-lin,java-backend-payment,900,120,3,0.700000,2,0,0,0,0,0,0.000000,0.000000,0.000000,false,true,0,0,1453,3017
rag,H2,hard_negative,false,frontend-lin,java-backend-payment,900,120,3,0.720000,2,0,0,0,0,0,0.000000,0.000000,0.000000,false,true,0,0,1453,3017
rag,H2,hard_negative,false,frontend-lin,java-backend-payment,900,120,3,0.750000,2,0,0,0,0,0,0.000000,0.000000,0.000000,false,true,0,0,1453,3017
rag,H2,hard_negative,false,frontend-lin,java-backend-payment,900,120,3,0.800000,2,0,0,0,0,0,0.000000,0.000000,0.000000,false,true,0,0,1453,3017
rag,H2,hard_negative,false,frontend-lin,java-backend-payment,900,120,5,0.650000,2,0,1,0,1,0,0.000000,0.000000,0.000000,true,false,894,1776,1453,3017
rag,H2,hard_negative,false,frontend-lin,java-backend-payment,900,120,5,0.700000,2,0,0,0,0,0,0.000000,0.000000,0.000000,false,true,0,0,1453,3017
rag,H2,hard_negative,false,frontend-lin,java-backend-payment,900,120,5,0.720000,2,0,0,0,0,0,0.000000,0.000000,0.000000,false,true,0,0,1453,3017
rag,H2,hard_negative,false,frontend-lin,java-backend-payment,900,120,5,0.750000,2,0,0,0,0,0,0.000000,0.000000,0.000000,false,true,0,0,1453,3017
rag,H2,hard_negative,false,frontend-lin,java-backend-payment,900,120,5,0.800000,2,0,0,0,0,0,0.000000,0.000000,0.000000,false,true,0,0,1453,3017
full_text,H3,hard_negative,false,algorithm-zhou,data-analyst,900,120,0,0.000000,2,0,2,0,2,0,0.000000,0.000000,0.000000,true,false,1182,2702,1182,2702
rag,H3,hard_negative,false,algorithm-zhou,data-analyst,900,120,1,0.650000,2,0,1,0,1,0,0.000000,0.000000,0.000000,true,false,383,953,1182,2702
rag,H3,hard_negative,false,algorithm-zhou,data-analyst,900,120,1,0.700000,2,0,0,0,0,0,0.000000,0.000000,0.000000,false,true,0,0,1182,2702
rag,H3,hard_negative,false,algorithm-zhou,data-analyst,900,120,1,0.720000,2,0,0,0,0,0,0.000000,0.000000,0.000000,false,true,0,0,1182,2702
rag,H3,hard_negative,false,algorithm-zhou,data-analyst,900,120,1,0.750000,2,0,0,0,0,0,0.000000,0.000000,0.000000,false,true,0,0,1182,2702
rag,H3,hard_negative,false,algorithm-zhou,data-analyst,900,120,1,0.800000,2,0,0,0,0,0,0.000000,0.000000,0.000000,false,true,0,0,1182,2702
rag,H3,hard_negative,false,algorithm-zhou,data-analyst,900,120,3,0.650000,2,0,1,0,1,0,0.000000,0.000000,0.000000,true,false,383,953,1182,2702
rag,H3,hard_negative,false,algorithm-zhou,data-analyst,900,120,3,0.700000,2,0,0,0,0,0,0.000000,0.000000,0.000000,false,true,0,0,1182,2702
rag,H3,hard_negative,false,algorithm-zhou,data-analyst,900,120,3,0.720000,2,0,0,0,0,0,0.000000,0.000000,0.000000,false,true,0,0,1182,2702
rag,H3,hard_negative,false,algorithm-zhou,data-analyst,900,120,3,0.750000,2,0,0,0,0,0,0.000000,0.000000,0.000000,false,true,0,0,1182,2702
rag,H3,hard_negative,false,algorithm-zhou,data-analyst,900,120,3,0.800000,2,0,0,0,0,0,0.000000,0.000000,0.000000,false,true,0,0,1182,2702
rag,H3,hard_negative,false,algorithm-zhou,data-analyst,900,120,5,0.650000,2,0,1,0,1,0,0.000000,0.000000,0.000000,true,false,383,953,1182,2702
rag,H3,hard_negative,false,algorithm-zhou,data-analyst,900,120,5,0.700000,2,0,0,0,0,0,0.000000,0.000000,0.000000,false,true,0,0,1182,2702
rag,H3,hard_negative,false,algorithm-zhou,data-analyst,900,120,5,0.720000,2,0,0,0,0,0,0.000000,0.000000,0.000000,false,true,0,0,1182,2702
rag,H3,hard_negative,false,algorithm-zhou,data-analyst,900,120,5,0.750000,2,0,0,0,0,0,0.000000,0.000000,0.000000,false,true,0,0,1182,2702
rag,H3,hard_negative,false,algorithm-zhou,data-analyst,900,120,5,0.800000,2,0,0,0,0,0,0.000000,0.000000,0.000000,false,true,0,0,1182,2702
full_text,H4,hard_negative,false,analyst-wu,algorithm-recsys,900,120,0,0.000000,2,0,2,0,2,0,0.000000,0.000000,0.000000,true,false,1056,2512,1056,2512
rag,H4,hard_negative,false,analyst-wu,algorithm-recsys,900,120,1,0.650000,2,0,1,0,1,0,0.000000,0.000000,0.000000,true,false,874,2088,1056,2512
rag,H4,hard_negative,false,analyst-wu,algorithm-recsys,900,120,1,0.700000,2,0,0,0,0,0,0.000000,0.000000,0.000000,false,true,0,0,1056,2512
rag,H4,hard_negative,false,analyst-wu,algorithm-recsys,900,120,1,0.720000,2,0,0,0,0,0,0.000000,0.000000,0.000000,false,true,0,0,1056,2512
rag,H4,hard_negative,false,analyst-wu,algorithm-recsys,900,120,1,0.750000,2,0,0,0,0,0,0.000000,0.000000,0.000000,false,true,0,0,1056,2512
rag,H4,hard_negative,false,analyst-wu,algorithm-recsys,900,120,1,0.800000,2,0,0,0,0,0,0.000000,0.000000,0.000000,false,true,0,0,1056,2512
rag,H4,hard_negative,false,analyst-wu,algorithm-recsys,900,120,3,0.650000,2,0,2,0,2,0,0.000000,0.000000,0.000000,true,false,1131,2747,1056,2512
rag,H4,hard_negative,false,analyst-wu,algorithm-recsys,900,120,3,0.700000,2,0,0,0,0,0,0.000000,0.000000,0.000000,false,true,0,0,1056,2512
rag,H4,hard_negative,false,analyst-wu,algorithm-recsys,900,120,3,0.720000,2,0,0,0,0,0,0.000000,0.000000,0.000000,false,true,0,0,1056,2512
rag,H4,hard_negative,false,analyst-wu,algorithm-recsys,900,120,3,0.750000,2,0,0,0,0,0,0.000000,0.000000,0.000000,false,true,0,0,1056,2512
rag,H4,hard_negative,false,analyst-wu,algorithm-recsys,900,120,3,0.800000,2,0,0,0,0,0,0.000000,0.000000,0.000000,false,true,0,0,1056,2512
rag,H4,hard_negative,false,analyst-wu,algorithm-recsys,900,120,5,0.650000,2,0,2,0,2,0,0.000000,0.000000,0.000000,true,false,1131,2747,1056,2512
rag,H4,hard_negative,false,analyst-wu,algorithm-recsys,900,120,5,0.700000,2,0,0,0,0,0,0.000000,0.000000,0.000000,false,true,0,0,1056,2512
rag,H4,hard_negative,false,analyst-wu,algorithm-recsys,900,120,5,0.720000,2,0,0,0,0,0,0.000000,0.000000,0.000000,false,true,0,0,1056,2512
rag,H4,hard_negative,false,analyst-wu,algorithm-recsys,900,120,5,0.750000,2,0,0,0,0,0,0.000000,0.000000,0.000000,false,true,0,0,1056,2512
rag,H4,hard_negative,false,analyst-wu,algorithm-recsys,900,120,5,0.800000,2,0,0,0,0,0,0.000000,0.000000,0.000000,false,true,0,0,1056,2512
full_text,H5,hard_negative,false,java-backend-chen,algorithm-recsys,900,120,0,0.000000,2,0,2,0,2,0,0.000000,0.000000,0.000000,true,false,1491,3341,1491,3341
rag,H5,hard_negative,false,java-backend-chen,algorithm-recsys,900,120,1,0.650000,2,0,0,0,0,0,0.000000,0.000000,0.000000,false,true,0,0,1491,3341
rag,H5,hard_negative,false,java-backend-chen,algorithm-recsys,900,120,1,0.700000,2,0,0,0,0,0,0.000000,0.000000,0.000000,false,true,0,0,1491,3341
rag,H5,hard_negative,false,java-backend-chen,algorithm-recsys,900,120,1,0.720000,2,0,0,0,0,0,0.000000,0.000000,0.000000,false,true,0,0,1491,3341
rag,H5,hard_negative,false,java-backend-chen,algorithm-recsys,900,120,1,0.750000,2,0,0,0,0,0,0.000000,0.000000,0.000000,false,true,0,0,1491,3341
rag,H5,hard_negative,false,java-backend-chen,algorithm-recsys,900,120,1,0.800000,2,0,0,0,0,0,0.000000,0.000000,0.000000,false,true,0,0,1491,3341
rag,H5,hard_negative,false,java-backend-chen,algorithm-recsys,900,120,3,0.650000,2,0,0,0,0,0,0.000000,0.000000,0.000000,false,true,0,0,1491,3341
rag,H5,hard_negative,false,java-backend-chen,algorithm-recsys,900,120,3,0.700000,2,0,0,0,0,0,0.000000,0.000000,0.000000,false,true,0,0,1491,3341
rag,H5,hard_negative,false,java-backend-chen,algorithm-recsys,900,120,3,0.720000,2,0,0,0,0,0,0.000000,0.000000,0.000000,false,true,0,0,1491,3341
rag,H5,hard_negative,false,java-backend-chen,algorithm-recsys,900,120,3,0.750000,2,0,0,0,0,0,0.000000,0.000000,0.000000,false,true,0,0,1491,3341
rag,H5,hard_negative,false,java-backend-chen,algorithm-recsys,900,120,3,0.800000,2,0,0,0,0,0,0.000000,0.000000,0.000000,false,true,0,0,1491,3341
rag,H5,hard_negative,false,java-backend-chen,algorithm-recsys,900,120,5,0.650000,2,0,0,0,0,0,0.000000,0.000000,0.000000,false,true,0,0,1491,3341
rag,H5,hard_negative,false,java-backend-chen,algorithm-recsys,900,120,5,0.700000,2,0,0,0,0,0,0.000000,0.000000,0.000000,false,true,0,0,1491,3341
rag,H5,hard_negative,false,java-backend-chen,algorithm-recsys,900,120,5,0.720000,2,0,0,0,0,0,0.000000,0.000000,0.000000,false,true,0,0,1491,3341
rag,H5,hard_negative,false,java-backend-chen,algorithm-recsys,900,120,5,0.750000,2,0,0,0,0,0,0.000000,0.000000,0.000000,false,true,0,0,1491,3341
rag,H5,hard_negative,false,java-backend-chen,algorithm-recsys,900,120,5,0.800000,2,0,0,0,0,0,0.000000,0.000000,0.000000,false,true,0,0,1491,3341
full_text,H6,hard_negative,false,frontend-lin,data-analyst,900,120,0,0.000000,2,0,2,0,2,0,0.000000,0.000000,0.000000,true,false,1453,3017,1453,3017
rag,H6,hard_negative,false,frontend-lin,data-analyst,900,120,1,0.650000,2,0,0,0,0,0,0.000000,0.000000,0.000000,false,true,0,0,1453,3017
rag,H6,hard_negative,false,frontend-lin,data-analyst,900,120,1,0.700000,2,0,0,0,0,0,0.000000,0.000000,0.000000,false,true,0,0,1453,3017
rag,H6,hard_negative,false,frontend-lin,data-analyst,900,120,1,0.720000,2,0,0,0,0,0,0.000000,0.000000,0.000000,false,true,0,0,1453,3017
rag,H6,hard_negative,false,frontend-lin,data-analyst,900,120,1,0.750000,2,0,0,0,0,0,0.000000,0.000000,0.000000,false,true,0,0,1453,3017
rag,H6,hard_negative,false,frontend-lin,data-analyst,900,120,1,0.800000,2,0,0,0,0,0,0.000000,0.000000,0.000000,false,true,0,0,1453,3017
rag,H6,hard_negative,false,frontend-lin,data-analyst,900,120,3,0.650000,2,0,0,0,0,0,0.000000,0.000000,0.000000,false,true,0,0,1453,3017
rag,H6,hard_negative,false,frontend-lin,data-analyst,900,120,3,0.700000,2,0,0,0,0,0,0.000000,0.000000,0.000000,false,true,0,0,1453,3017
rag,H6,hard_negative,false,frontend-lin,data-analyst,900,120,3,0.720000,2,0,0,0,0,0,0.000000,0.000000,0.000000,false,true,0,0,1453,3017
rag,H6,hard_negative,false,frontend-lin,data-analyst,900,120,3,0.750000,2,0,0,0,0,0,0.000000,0.000000,0.000000,false,true,0,0,1453,3017
rag,H6,hard_negative,false,frontend-lin,data-analyst,900,120,3,0.800000,2,0,0,0,0,0,0.000000,0.000000,0.000000,false,true,0,0,1453,3017
rag,H6,hard_negative,false,frontend-lin,data-analyst,900,120,5,0.650000,2,0,0,0,0,0,0.000000,0.000000,0.000000,false,true,0,0,1453,3017
rag,H6,hard_negative,false,frontend-lin,data-analyst,900,120,5,0.700000,2,0,0,0,0,0,0.000000,0.000000,0.000000,false,true,0,0,1453,3017
rag,H6,hard_negative,false,frontend-lin,data-analyst,900,120,5,0.720000,2,0,0,0,0,0,0.000000,0.000000,0.000000,false,true,0,0,1453,3017
rag,H6,hard_negative,false,frontend-lin,data-analyst,900,120,5,0.750000,2,0,0,0,0,0,0.000000,0.000000,0.000000,false,true,0,0,1453,3017
rag,H6,hard_negative,false,frontend-lin,data-analyst,900,120,5,0.800000,2,0,0,0,0,0,0.000000,0.000000,0.000000,false,true,0,0,1453,3017
full_text,P1,positive,true,java-backend-chen,java-backend-payment,1200,160,0,0.000000,2,2,2,2,0,0,1.000000,1.000000,1.000000,true,true,1491,3341,1491,3341
rag,P1,positive,true,java-backend-chen,java-backend-payment,1200,160,1,0.650000,2,2,1,1,0,1,1.000000,0.500000,0.666667,true,true,1190,2702,1491,3341
rag,P1,positive,true,java-backend-chen,java-backend-payment,1200,160,1,0.700000,2,2,1,1,0,1,1.000000,0.500000,0.666667,true,true,1190,2702,1491,3341
rag,P1,positive,true,java-backend-chen,java-backend-payment,1200,160,1,0.720000,2,2,1,1,0,1,1.000000,0.500000,0.666667,true,true,1190,2702,1491,3341
rag,P1,positive,true,java-backend-chen,java-backend-payment,1200,160,1,0.750000,2,2,1,1,0,1,1.000000,0.500000,0.666667,true,true,1190,2702,1491,3341
rag,P1,positive,true,java-backend-chen,java-backend-payment,1200,160,1,0.800000,2,2,1,1,0,1,1.000000,0.500000,0.666667,true,true,1190,2702,1491,3341
rag,P1,positive,true,java-backend-chen,java-backend-payment,1200,160,3,0.650000,2,2,2,2,0,0,1.000000,1.000000,1.000000,true,true,1599,3721,1491,3341
rag,P1,positive,true,java-backend-chen,java-backend-payment,1200,160,3,0.700000,2,2,2,2,0,0,1.000000,1.000000,1.000000,true,true,1599,3721,1491,3341
rag,P1,positive,true,java-backend-chen,java-backend-payment,1200,160,3,0.720000,2,2,2,2,0,0,1.000000,1.000000,1.000000,true,true,1599,3721,1491,3341
rag,P1,positive,true,java-backend-chen,java-backend-payment,1200,160,3,0.750000,2,2,2,2,0,0,1.000000,1.000000,1.000000,true,true,1599,3721,1491,3341
rag,P1,positive,true,java-backend-chen,java-backend-payment,1200,160,3,0.800000,2,2,1,1,0,1,1.000000,0.500000,0.666667,true,true,1190,2702,1491,3341
rag,P1,positive,true,java-backend-chen,java-backend-payment,1200,160,5,0.650000,2,2,2,2,0,0,1.000000,1.000000,1.000000,true,true,1599,3721,1491,3341
rag,P1,positive,true,java-backend-chen,java-backend-payment,1200,160,5,0.700000,2,2,2,2,0,0,1.000000,1.000000,1.000000,true,true,1599,3721,1491,3341
rag,P1,positive,true,java-backend-chen,java-backend-payment,1200,160,5,0.720000,2,2,2,2,0,0,1.000000,1.000000,1.000000,true,true,1599,3721,1491,3341
rag,P1,positive,true,java-backend-chen,java-backend-payment,1200,160,5,0.750000,2,2,2,2,0,0,1.000000,1.000000,1.000000,true,true,1599,3721,1491,3341
rag,P1,positive,true,java-backend-chen,java-backend-payment,1200,160,5,0.800000,2,2,1,1,0,1,1.000000,0.500000,0.666667,true,true,1190,2702,1491,3341
full_text,P2,positive,true,frontend-lin,frontend-react,1200,160,0,0.000000,2,2,2,2,0,0,1.000000,1.000000,1.000000,true,true,1453,3017,1453,3017
rag,P2,positive,true,frontend-lin,frontend-react,1200,160,1,0.650000,2,2,1,1,0,1,1.000000,0.500000,0.666667,true,true,1199,2461,1453,3017
rag,P2,positive,true,frontend-lin,frontend-react,1200,160,1,0.700000,2,2,1,1,0,1,1.000000,0.500000,0.666667,true,true,1199,2461,1453,3017
rag,P2,positive,true,frontend-lin,frontend-react,1200,160,1,0.720000,2,2,1,1,0,1,1.000000,0.500000,0.666667,true,true,1199,2461,1453,3017
rag,P2,positive,true,frontend-lin,frontend-react,1200,160,1,0.750000,2,2,1,1,0,1,1.000000,0.500000,0.666667,true,true,1199,2461,1453,3017
rag,P2,positive,true,frontend-lin,frontend-react,1200,160,1,0.800000,2,2,1,1,0,1,1.000000,0.500000,0.666667,true,true,1199,2461,1453,3017
rag,P2,positive,true,frontend-lin,frontend-react,1200,160,3,0.650000,2,2,2,2,0,0,1.000000,1.000000,1.000000,true,true,1561,3311,1453,3017
rag,P2,positive,true,frontend-lin,frontend-react,1200,160,3,0.700000,2,2,2,2,0,0,1.000000,1.000000,1.000000,true,true,1561,3311,1453,3017
rag,P2,positive,true,frontend-lin,frontend-react,1200,160,3,0.720000,2,2,2,2,0,0,1.000000,1.000000,1.000000,true,true,1561,3311,1453,3017
rag,P2,positive,true,frontend-lin,frontend-react,1200,160,3,0.750000,2,2,2,2,0,0,1.000000,1.000000,1.000000,true,true,1561,3311,1453,3017
rag,P2,positive,true,frontend-lin,frontend-react,1200,160,3,0.800000,2,2,2,2,0,0,1.000000,1.000000,1.000000,true,true,1561,3311,1453,3017
rag,P2,positive,true,frontend-lin,frontend-react,1200,160,5,0.650000,2,2,2,2,0,0,1.000000,1.000000,1.000000,true,true,1561,3311,1453,3017
rag,P2,positive,true,frontend-lin,frontend-react,1200,160,5,0.700000,2,2,2,2,0,0,1.000000,1.000000,1.000000,true,true,1561,3311,1453,3017
rag,P2,positive,true,frontend-lin,frontend-react,1200,160,5,0.720000,2,2,2,2,0,0,1.000000,1.000000,1.000000,true,true,1561,3311,1453,3017
rag,P2,positive,true,frontend-lin,frontend-react,1200,160,5,0.750000,2,2,2,2,0,0,1.000000,1.000000,1.000000,true,true,1561,3311,1453,3017
rag,P2,positive,true,frontend-lin,frontend-react,1200,160,5,0.800000,2,2,2,2,0,0,1.000000,1.000000,1.000000,true,true,1561,3311,1453,3017
full_text,P3,positive,true,algorithm-zhou,algorithm-recsys,1200,160,0,0.000000,1,1,1,1,0,0,1.000000,1.000000,1.000000,true,true,1182,2702,1182,2702
rag,P3,positive,true,algorithm-zhou,algorithm-recsys,1200,160,1,0.650000,1,1,1,1,0,0,1.000000,1.000000,1.000000,true,true,1135,2655,1182,2702
rag,P3,positive,true,algorithm-zhou,algorithm-recsys,1200,160,1,0.700000,1,1,1,1,0,0,1.000000,1.000000,1.000000,true,true,1135,2655,1182,2702
rag,P3,positive,true,algorithm-zhou,algorithm-recsys,1200,160,1,0.720000,1,1,1,1,0,0,1.000000,1.000000,1.000000,true,true,1135,2655,1182,2702
rag,P3,positive,true,algorithm-zhou,algorithm-recsys,1200,160,1,0.750000,1,1,1,1,0,0,1.000000,1.000000,1.000000,true,true,1135,2655,1182,2702
rag,P3,positive,true,algorithm-zhou,algorithm-recsys,1200,160,1,0.800000,1,1,1,1,0,0,1.000000,1.000000,1.000000,true,true,1135,2655,1182,2702
rag,P3,positive,true,algorithm-zhou,algorithm-recsys,1200,160,3,0.650000,1,1,1,1,0,0,1.000000,1.000000,1.000000,true,true,1135,2655,1182,2702
rag,P3,positive,true,algorithm-zhou,algorithm-recsys,1200,160,3,0.700000,1,1,1,1,0,0,1.000000,1.000000,1.000000,true,true,1135,2655,1182,2702
rag,P3,positive,true,algorithm-zhou,algorithm-recsys,1200,160,3,0.720000,1,1,1,1,0,0,1.000000,1.000000,1.000000,true,true,1135,2655,1182,2702
rag,P3,positive,true,algorithm-zhou,algorithm-recsys,1200,160,3,0.750000,1,1,1,1,0,0,1.000000,1.000000,1.000000,true,true,1135,2655,1182,2702
rag,P3,positive,true,algorithm-zhou,algorithm-recsys,1200,160,3,0.800000,1,1,1,1,0,0,1.000000,1.000000,1.000000,true,true,1135,2655,1182,2702
rag,P3,positive,true,algorithm-zhou,algorithm-recsys,1200,160,5,0.650000,1,1,1,1,0,0,1.000000,1.000000,1.000000,true,true,1135,2655,1182,2702
rag,P3,positive,true,algorithm-zhou,algorithm-recsys,1200,160,5,0.700000,1,1,1,1,0,0,1.000000,1.000000,1.000000,true,true,1135,2655,1182,2702
rag,P3,positive,true,algorithm-zhou,algorithm-recsys,1200,160,5,0.720000,1,1,1,1,0,0,1.000000,1.000000,1.000000,true,true,1135,2655,1182,2702
rag,P3,positive,true,algorithm-zhou,algorithm-recsys,1200,160,5,0.750000,1,1,1,1,0,0,1.000000,1.000000,1.000000,true,true,1135,2655,1182,2702
rag,P3,positive,true,algorithm-zhou,algorithm-recsys,1200,160,5,0.800000,1,1,1,1,0,0,1.000000,1.000000,1.000000,true,true,1135,2655,1182,2702
full_text,P4,positive,true,analyst-wu,data-analyst,1200,160,0,0.000000,1,1,1,1,0,0,1.000000,1.000000,1.000000,true,true,1056,2512,1056,2512
rag,P4,positive,true,analyst-wu,data-analyst,1200,160,1,0.650000,1,1,1,1,0,0,1.000000,1.000000,1.000000,true,true,1010,2466,1056,2512
rag,P4,positive,true,analyst-wu,data-analyst,1200,160,1,0.700000,1,1,1,1,0,0,1.000000,1.000000,1.000000,true,true,1010,2466,1056,2512
rag,P4,positive,true,analyst-wu,data-analyst,1200,160,1,0.720000,1,1,1,1,0,0,1.000000,1.000000,1.000000,true,true,1010,2466,1056,2512
rag,P4,positive,true,analyst-wu,data-analyst,1200,160,1,0.750000,1,1,1,1,0,0,1.000000,1.000000,1.000000,true,true,1010,2466,1056,2512
rag,P4,positive,true,analyst-wu,data-analyst,1200,160,1,0.800000,1,1,1,1,0,0,1.000000,1.000000,1.000000,true,true,1010,2466,1056,2512
rag,P4,positive,true,analyst-wu,data-analyst,1200,160,3,0.650000,1,1,1,1,0,0,1.000000,1.000000,1.000000,true,true,1010,2466,1056,2512
rag,P4,positive,true,analyst-wu,data-analyst,1200,160,3,0.700000,1,1,1,1,0,0,1.000000,1.000000,1.000000,true,true,1010,2466,1056,2512
rag,P4,positive,true,analyst-wu,data-analyst,1200,160,3,0.720000,1,1,1,1,0,0,1.000000,1.000000,1.000000,true,true,1010,2466,1056,2512
rag,P4,positive,true,analyst-wu,data-analyst,1200,160,3,0.750000,1,1,1,1,0,0,1.000000,1.000000,1.000000,true,true,1010,2466,1056,2512
rag,P4,positive,true,analyst-wu,data-analyst,1200,160,3,0.800000,1,1,1,1,0,0,1.000000,1.000000,1.000000,true,true,1010,2466,1056,2512
rag,P4,positive,true,analyst-wu,data-analyst,1200,160,5,0.650000,1,1,1,1,0,0,1.000000,1.000000,1.000000,true,true,1010,2466,1056,2512
rag,P4,positive,true,analyst-wu,data-analyst,1200,160,5,0.700000,1,1,1,1,0,0,1.000000,1.000000,1.000000,true,true,1010,2466,1056,2512
rag,P4,positive,true,analyst-wu,data-analyst,1200,160,5,0.720000,1,1,1,1,0,0,1.000000,1.000000,1.000000,true,true,1010,2466,1056,2512
rag,P4,positive,true,analyst-wu,data-analyst,1200,160,5,0.750000,1,1,1,1,0,0,1.000000,1.000000,1.000000,true,true,1010,2466,1056,2512
rag,P4,positive,true,analyst-wu,data-analyst,1200,160,5,0.800000,1,1,1,1,0,0,1.000000,1.000000,1.000000,true,true,1010,2466,1056,2512
full_text,P5,positive,true,nurse-zhao,nurse-cardiology,1200,160,0,0.000000,1,1,1,1,0,0,1.000000,1.000000,1.000000,true,true,1023,2571,1023,2571
rag,P5,positive,true,nurse-zhao,nurse-cardiology,1200,160,1,0.650000,1,1,1,1,0,0,1.000000,1.000000,1.000000,true,true,981,2529,1023,2571
rag,P5,positive,true,nurse-zhao,nurse-cardiology,1200,160,1,0.700000,1,1,1,1,0,0,1.000000,1.000000,1.000000,true,true,981,2529,1023,2571
rag,P5,positive,true,nurse-zhao,nurse-cardiology,1200,160,1,0.720000,1,1,1,1,0,0,1.000000,1.000000,1.000000,true,true,981,2529,1023,2571
rag,P5,positive,true,nurse-zhao,nurse-cardiology,1200,160,1,0.750000,1,1,1,1,0,0,1.000000,1.000000,1.000000,true,true,981,2529,1023,2571
rag,P5,positive,true,nurse-zhao,nurse-cardiology,1200,160,1,0.800000,1,1,1,1,0,0,1.000000,1.000000,1.000000,true,true,981,2529,1023,2571
rag,P5,positive,true,nurse-zhao,nurse-cardiology,1200,160,3,0.650000,1,1,1,1,0,0,1.000000,1.000000,1.000000,true,true,981,2529,1023,2571
rag,P5,positive,true,nurse-zhao,nurse-cardiology,1200,160,3,0.700000,1,1,1,1,0,0,1.000000,1.000000,1.000000,true,true,981,2529,1023,2571
rag,P5,positive,true,nurse-zhao,nurse-cardiology,1200,160,3,0.720000,1,1,1,1,0,0,1.000000,1.000000,1.000000,true,true,981,2529,1023,2571
rag,P5,positive,true,nurse-zhao,nurse-cardiology,1200,160,3,0.750000,1,1,1,1,0,0,1.000000,1.000000,1.000000,true,true,981,2529,1023,2571
rag,P5,positive,true,nurse-zhao,nurse-cardiology,1200,160,3,0.800000,1,1,1,1,0,0,1.000000,1.000000,1.000000,true,true,981,2529,1023,2571
rag,P5,positive,true,nurse-zhao,nurse-cardiology,1200,160,5,0.650000,1,1,1,1,0,0,1.000000,1.000000,1.000000,true,true,981,2529,1023,2571
rag,P5,positive,true,nurse-zhao,nurse-cardiology,1200,160,5,0.700000,1,1,1,1,0,0,1.000000,1.000000,1.000000,true,true,981,2529,1023,2571
rag,P5,positive,true,nurse-zhao,nurse-cardiology,1200,160,5,0.720000,1,1,1,1,0,0,1.000000,1.000000,1.000000,true,true,981,2529,1023,2571
rag,P5,positive,true,nurse-zhao,nurse-cardiology,1200,160,5,0.750000,1,1,1,1,0,0,1.000000,1.000000,1.000000,true,true,981,2529,1023,2571
rag,P5,positive,true,nurse-zhao,nurse-cardiology,1200,160,5,0.800000,1,1,1,1,0,0,1.000000,1.000000,1.000000,true,true,981,2529,1023,2571
full_text,P6,positive,true,accountant-sun,accountant,1200,160,0,0.000000,1,1,1,1,0,0,1.000000,1.000000,1.000000,true,true,1147,2987,1147,2987
rag,P6,positive,true,accountant-sun,accountant,1200,160,1,0.650000,1,1,1,1,0,0,1.000000,1.000000,1.000000,true,true,1096,2936,1147,2987
rag,P6,positive,true,accountant-sun,accountant,1200,160,1,0.700000,1,1,1,1,0,0,1.000000,1.000000,1.000000,true,true,1096,2936,1147,2987
rag,P6,positive,true,accountant-sun,accountant,1200,160,1,0.720000,1,1,1,1,0,0,1.000000,1.000000,1.000000,true,true,1096,2936,1147,2987
rag,P6,positive,true,accountant-sun,accountant,1200,160,1,0.750000,1,1,1,1,0,0,1.000000,1.000000,1.000000,true,true,1096,2936,1147,2987
rag,P6,positive,true,accountant-sun,accountant,1200,160,1,0.800000,1,1,1,1,0,0,1.000000,1.000000,1.000000,true,true,1096,2936,1147,2987
rag,P6,positive,true,accountant-sun,accountant,1200,160,3,0.650000,1,1,1,1,0,0,1.000000,1.000000,1.000000,true,true,1096,2936,1147,2987
rag,P6,positive,true,accountant-sun,accountant,1200,160,3,0.700000,1,1,1,1,0,0,1.000000,1.000000,1.000000,true,true,1096,2936,1147,2987
rag,P6,positive,true,accountant-sun,accountant,1200,160,3,0.720000,1,1,1,1,0,0,1.000000,1.000000,1.000000,true,true,1096,2936,1147,2987
rag,P6,positive,true,accountant-sun,accountant,1200,160,3,0.750000,1,1,1,1,0,0,1.000000,1.000000,1.000000,true,true,1096,2936,1147,2987
rag,P6,positive,true,accountant-sun,accountant,1200,160,3,0.800000,1,1,1,1,0,0,1.000000,1.000000,1.000000,true,true,1096,2936,1147,2987
rag,P6,positive,true,accountant-sun,accountant,1200,160,5,0.650000,1,1,1,1,0,0,1.000000,1.000000,1.000000,true,true,1096,2936,1147,2987
rag,P6,positive,true,accountant-sun,accountant,1200,160,5,0.700000,1,1,1,1,0,0,1.000000,1.000000,1.000000,true,true,1096,2936,1147,2987
rag,P6,positive,true,accountant-sun,accountant,1200,160,5,0.720000,1,1,1,1,0,0,1.000000,1.000000,1.000000,true,true,1096,2936,1147,2987
rag,P6,positive,true,accountant-sun,accountant,1200,160,5,0.750000,1,1,1,1,0,0,1.000000,1.000000,1.000000,true,true,1096,2936,1147,2987
rag,P6,positive,true,accountant-sun,accountant,1200,160,5,0.800000,1,1,1,1,0,0,1.000000,1.000000,1.000000,true,true,1096,2936,1147,2987
full_text,N1,negative,false,java-backend-chen,nurse-cardiology,1200,160,0,0.000000,2,0,2,0,2,0,0.000000,0.000000,0.000000,true,false,1491,3341,1491,3341
rag,N1,negative,false,java-backend-chen,nurse-cardiology,1200,160,1,0.650000,2,0,0,0,0,0,0.000000,0.000000,0.000000,false,true,0,0,1491,3341
rag,N1,negative,false,java-backend-chen,nurse-cardiology,1200,160,1,0.700000,2,0,0,0,0,0,0.000000,0.000000,0.000000,false,true,0,0,1491,3341
rag,N1,negative,false,java-backend-chen,nurse-cardiology,1200,160,1,0.720000,2,0,0,0,0,0,0.000000,0.000000,0.000000,false,true,0,0,1491,3341
rag,N1,negative,false,java-backend-chen,nurse-cardiology,1200,160,1,0.750000,2,0,0,0,0,0,0.000000,0.000000,0.000000,false,true,0,0,1491,3341
rag,N1,negative,false,java-backend-chen,nurse-cardiology,1200,160,1,0.800000,2,0,0,0,0,0,0.000000,0.000000,0.000000,false,true,0,0,1491,3341
rag,N1,negative,false,java-backend-chen,nurse-cardiology,1200,160,3,0.650000,2,0,0,0,0,0,0.000000,0.000000,0.000000,false,true,0,0,1491,3341
rag,N1,negative,false,java-backend-chen,nurse-cardiology,1200,160,3,0.700000,2,0,0,0,0,0,0.000000,0.000000,0.000000,false,true,0,0,1491,3341
rag,N1,negative,false,java-backend-chen,nurse-cardiology,1200,160,3,0.720000,2,0,0,0,0,0,0.000000,0.000000,0.000000,false,true,0,0,1491,3341
rag,N1,negative,false,java-backend-chen,nurse-cardiology,1200,160,3,0.750000,2,0,0,0,0,0,0.000000,0.000000,0.000000,false,true,0,0,1491,3341
rag,N1,negative,false,java-backend-chen,nurse-cardiology,1200,160,3,0.800000,2,0,0,0,0,0,0.000000,0.000000,0.000000,false,true,0,0,1491,3341
rag,N1,negative,false,java-backend-chen,nurse-cardiology,1200,160,5,0.650000,2,0,0,0,0,0,0.000000,0.000000,0.000000,false,true,0,0,1491,3341
rag,N1,negative,false,java-backend-chen,nurse-cardiology,1200,160,5,0.700000,2,0,0,0,0,0,0.000000,0.000000,0.000000,false,true,0,0,1491,3341
rag,N1,negative,false,java-backend-chen,nurse-cardiology,1200,160,5,0.720000,2,0,0,0,0,0,0.000000,0.000000,0.000000,false,true,0,0,1491,3341
rag,N1,negative,false,java-backend-chen,nurse-cardiology,1200,160,5,0.750000,2,0,0,0,0,0,0.000000,0.000000,0.000000,false,true,0,0,1491,3341
rag,N1,negative,false,java-backend-chen,nurse-cardiology,1200,160,5,0.800000,2,0,0,0,0,0,0.000000,0.000000,0.000000,false,true,0,0,1491,3341
full_text,N2,negative,false,java-backend-chen,accountant,1200,160,0,0.000000,2,0,2,0,2,0,0.000000,0.000000,0.000000,true,false,1491,3341,1491,3341
rag,N2,negative,false,java-backend-chen,accountant,1200,160,1,0.650000,2,0,1,0,1,0,0.000000,0.000000,0.000000,true,false,407,1017,1491,3341
rag,N2,negative,false,java-backend-chen,accountant,1200,160,1,0.700000,2,0,0,0,0,0,0.000000,0.000000,0.000000,false,true,0,0,1491,3341
rag,N2,negative,false,java-backend-chen,accountant,1200,160,1,0.720000,2,0,0,0,0,0,0.000000,0.000000,0.000000,false,true,0,0,1491,3341
rag,N2,negative,false,java-backend-chen,accountant,1200,160,1,0.750000,2,0,0,0,0,0,0.000000,0.000000,0.000000,false,true,0,0,1491,3341
rag,N2,negative,false,java-backend-chen,accountant,1200,160,1,0.800000,2,0,0,0,0,0,0.000000,0.000000,0.000000,false,true,0,0,1491,3341
rag,N2,negative,false,java-backend-chen,accountant,1200,160,3,0.650000,2,0,1,0,1,0,0.000000,0.000000,0.000000,true,false,407,1017,1491,3341
rag,N2,negative,false,java-backend-chen,accountant,1200,160,3,0.700000,2,0,0,0,0,0,0.000000,0.000000,0.000000,false,true,0,0,1491,3341
rag,N2,negative,false,java-backend-chen,accountant,1200,160,3,0.720000,2,0,0,0,0,0,0.000000,0.000000,0.000000,false,true,0,0,1491,3341
rag,N2,negative,false,java-backend-chen,accountant,1200,160,3,0.750000,2,0,0,0,0,0,0.000000,0.000000,0.000000,false,true,0,0,1491,3341
rag,N2,negative,false,java-backend-chen,accountant,1200,160,3,0.800000,2,0,0,0,0,0,0.000000,0.000000,0.000000,false,true,0,0,1491,3341
rag,N2,negative,false,java-backend-chen,accountant,1200,160,5,0.650000,2,0,1,0,1,0,0.000000,0.000000,0.000000,true,false,407,1017,1491,3341
rag,N2,negative,false,java-backend-chen,accountant,1200,160,5,0.700000,2,0,0,0,0,0,0.000000,0.000000,0.000000,false,true,0,0,1491,3341
rag,N2,negative,false,java-backend-chen,accountant,1200,160,5,0.720000,2,0,0,0,0,0,0.000000,0.000000,0.000000,false,true,0,0,1491,3341
rag,N2,negative,false,java-backend-chen,accountant,1200,160,5,0.750000,2,0,0,0,0,0,0.000000,0.000000,0.000000,false,true,0,0,1491,3341
rag,N2,negative,false,java-backend-chen,accountant,1200,160,5,0.800000,2,0,0,0,0,0,0.000000,0.000000,0.000000,false,true,0,0,1491,3341
full_text,N3,negative,false,frontend-lin,accountant,1200,160,0,0.000000,2,0,2,0,2,0,0.000000,0.000000,0.000000,true,false,1453,3017,1453,3017
rag,N3,negative,false,frontend-lin,accountant,1200,160,1,0.650000,2,0,0,0,0,0,0.000000,0.000000,0.000000,false,true,0,0,1453,3017
rag,N3,negative,false,frontend-lin,accountant,1200,160,1,0.700000,2,0,0,0,0,0,0.000000,0.000000,0.000000,false,true,0,0,1453,3017
rag,N3,negative,false,frontend-lin,accountant,1200,160,1,0.720000,2,0,0,0,0,0,0.000000,0.000000,0.000000,false,true,0,0,1453,3017
rag,N3,negative,false,frontend-lin,accountant,1200,160,1,0.750000,2,0,0,0,0,0,0.000000,0.000000,0.000000,false,true,0,0,1453,3017
rag,N3,negative,false,frontend-lin,accountant,1200,160,1,0.800000,2,0,0,0,0,0,0.000000,0.000000,0.000000,false,true,0,0,1453,3017
rag,N3,negative,false,frontend-lin,accountant,1200,160,3,0.650000,2,0,0,0,0,0,0.000000,0.000000,0.000000,false,true,0,0,1453,3017
rag,N3,negative,false,frontend-lin,accountant,1200,160,3,0.700000,2,0,0,0,0,0,0.000000,0.000000,0.000000,false,true,0,0,1453,3017
rag,N3,negative,false,frontend-lin,accountant,1200,160,3,0.720000,2,0,0,0,0,0,0.000000,0.000000,0.000000,false,true,0,0,1453,3017
rag,N3,negative,false,frontend-lin,accountant,1200,160,3,0.750000,2,0,0,0,0,0,0.000000,0.000000,0.000000,false,true,0,0,1453,3017
rag,N3,negative,false,frontend-lin,accountant,1200,160,3,0.800000,2,0,0,0,0,0,0.000000,0.000000,0.000000,false,true,0,0,1453,3017
rag,N3,negative,false,frontend-lin,accountant,1200,160,5,0.650000,2,0,0,0,0,0,0.000000,0.000000,0.000000,false,true,0,0,1453,3017
rag,N3,negative,false,frontend-lin,accountant,1200,160,5,0.700000,2,0,0,0,0,0,0.000000,0.000000,0.000000,false,true,0,0,1453,3017
rag,N3,negative,false,frontend-lin,accountant,1200,160,5,0.720000,2,0,0,0,0,0,0.000000,0.000000,0.000000,false,true,0,0,1453,3017
rag,N3,negative,false,frontend-lin,accountant,1200,160,5,0.750000,2,0,0,0,0,0,0.000000,0.000000,0.000000,false,true,0,0,1453,3017
rag,N3,negative,false,frontend-lin,accountant,1200,160,5,0.800000,2,0,0,0,0,0,0.000000,0.000000,0.000000,false,true,0,0,1453,3017
full_text,N4,negative,false,nurse-zhao,java-backend-payment,1200,160,0,0.000000,1,0,1,0,1,0,0.000000,0.000000,0.000000,true,false,1023,2571,1023,2571
rag,N4,negative,false,nurse-zhao,java-backend-payment,1200,160,1,0.650000,1,0,0,0,0,0,0.000000,0.000000,0.000000,false,true,0,0,1023,2571
rag,N4,negative,false,nurse-zhao,java-backend-payment,1200,160,1,0.700000,1,0,0,0,0,0,0.000000,0.000000,0.000000,false,true,0,0,1023,2571
rag,N4,negative,false,nurse-zhao,java-backend-payment,1200,160,1,0.720000,1,0,0,0,0,0,0.000000,0.000000,0.000000,false,true,0,0,1023,2571
rag,N4,negative,false,nurse-zhao,java-backend-payment,1200,160,1,0.750000,1,0,0,0,0,0,0.000000,0.000000,0.000000,false,true,0,0,1023,2571
rag,N4,negative,false,nurse-zhao,java-backend-payment,1200,160,1,0.800000,1,0,0,0,0,0,0.000000,0.000000,0.000000,false,true,0,0,1023,2571
rag,N4,negative,false,nurse-zhao,java-backend-payment,1200,160,3,0.650000,1,0,0,0,0,0,0.000000,0.000000,0.000000,false,true,0,0,1023,2571
rag,N4,negative,false,nurse-zhao,java-backend-payment,1200,160,3,0.700000,1,0,0,0,0,0,0.000000,0.000000,0.000000,false,true,0,0,1023,2571
rag,N4,negative,false,nurse-zhao,java-backend-payment,1200,160,3,0.720000,1,0,0,0,0,0,0.000000,0.000000,0.000000,false,true,0,0,1023,2571
rag,N4,negative,false,nurse-zhao,java-backend-payment,1200,160,3,0.750000,1,0,0,0,0,0,0.000000,0.000000,0.000000,false,true,0,0,1023,2571
rag,N4,negative,false,nurse-zhao,java-backend-payment,1200,160,3,0.800000,1,0,0,0,0,0,0.000000,0.000000,0.000000,false,true,0,0,1023,2571
rag,N4,negative,false,nurse-zhao,java-backend-payment,1200,160,5,0.650000,1,0,0,0,0,0,0.000000,0.000000,0.000000,false,true,0,0,1023,2571
rag,N4,negative,false,nurse-zhao,java-backend-payment,1200,160,5,0.700000,1,0,0,0,0,0,0.000000,0.000000,0.000000,false,true,0,0,1023,2571
rag,N4,negative,false,nurse-zhao,java-backend-payment,1200,160,5,0.720000,1,0,0,0,0,0,0.000000,0.000000,0.000000,false,true,0,0,1023,2571
rag,N4,negative,false,nurse-zhao,java-backend-payment,1200,160,5,0.750000,1,0,0,0,0,0,0.000000,0.000000,0.000000,false,true,0,0,1023,2571
rag,N4,negative,false,nurse-zhao,java-backend-payment,1200,160,5,0.800000,1,0,0,0,0,0,0.000000,0.000000,0.000000,false,true,0,0,1023,2571
full_text,N5,negative,false,accountant-sun,frontend-react,1200,160,0,0.000000,1,0,1,0,1,0,0.000000,0.000000,0.000000,true,false,1147,2987,1147,2987
rag,N5,negative,false,accountant-sun,frontend-react,1200,160,1,0.650000,1,0,0,0,0,0,0.000000,0.000000,0.000000,false,true,0,0,1147,2987
rag,N5,negative,false,accountant-sun,frontend-react,1200,160,1,0.700000,1,0,0,0,0,0,0.000000,0.000000,0.000000,false,true,0,0,1147,2987
rag,N5,negative,false,accountant-sun,frontend-react,1200,160,1,0.720000,1,0,0,0,0,0,0.000000,0.000000,0.000000,false,true,0,0,1147,2987
rag,N5,negative,false,accountant-sun,frontend-react,1200,160,1,0.750000,1,0,0,0,0,0,0.000000,0.000000,0.000000,false,true,0,0,1147,2987
rag,N5,negative,false,accountant-sun,frontend-react,1200,160,1,0.800000,1,0,0,0,0,0,0.000000,0.000000,0.000000,false,true,0,0,1147,2987
rag,N5,negative,false,accountant-sun,frontend-react,1200,160,3,0.650000,1,0,0,0,0,0,0.000000,0.000000,0.000000,false,true,0,0,1147,2987
rag,N5,negative,false,accountant-sun,frontend-react,1200,160,3,0.700000,1,0,0,0,0,0,0.000000,0.000000,0.000000,false,true,0,0,1147,2987
rag,N5,negative,false,accountant-sun,frontend-react,1200,160,3,0.720000,1,0,0,0,0,0,0.000000,0.000000,0.000000,false,true,0,0,1147,2987
rag,N5,negative,false,accountant-sun,frontend-react,1200,160,3,0.750000,1,0,0,0,0,0,0.000000,0.000000,0.000000,false,true,0,0,1147,2987
rag,N5,negative,false,accountant-sun,frontend-react,1200,160,3,0.800000,1,0,0,0,0,0,0.000000,0.000000,0.000000,false,true,0,0,1147,2987
rag,N5,negative,false,accountant-sun,frontend-react,1200,160,5,0.650000,1,0,0,0,0,0,0.000000,0.000000,0.000000,false,true,0,0,1147,2987
rag,N5,negative,false,accountant-sun,frontend-react,1200,160,5,0.700000,1,0,0,0,0,0,0.000000,0.000000,0.000000,false,true,0,0,1147,2987
rag,N5,negative,false,accountant-sun,frontend-react,1200,160,5,0.720000,1,0,0,0,0,0,0.000000,0.000000,0.000000,false,true,0,0,1147,2987
rag,N5,negative,false,accountant-sun,frontend-react,1200,160,5,0.750000,1,0,0,0,0,0,0.000000,0.000000,0.000000,false,true,0,0,1147,2987
rag,N5,negative,false,accountant-sun,frontend-react,1200,160,5,0.800000,1,0,0,0,0,0,0.000000,0.000000,0.000000,false,true,0,0,1147,2987
full_text,N6,negative,false,algorithm-zhou,nurse-cardiology,1200,160,0,0.000000,1,0,1,0,1,0,0.000000,0.000000,0.000000,true,false,1182,2702,1182,2702
rag,N6,negative,false,algorithm-zhou,nurse-cardiology,1200,160,1,0.650000,1,0,0,0,0,0,0.000000,0.000000,0.000000,false,true,0,0,1182,2702
rag,N6,negative,false,algorithm-zhou,nurse-cardiology,1200,160,1,0.700000,1,0,0,0,0,0,0.000000,0.000000,0.000000,false,true,0,0,1182,2702
rag,N6,negative,false,algorithm-zhou,nurse-cardiology,1200,160,1,0.720000,1,0,0,0,0,0,0.000000,0.000000,0.000000,false,true,0,0,1182,2702
rag,N6,negative,false,algorithm-zhou,nurse-cardiology,1200,160,1,0.750000,1,0,0,0,0,0,0.000000,0.000000,0.000000,false,true,0,0,1182,2702
rag,N6,negative,false,algorithm-zhou,nurse-cardiology,1200,160,1,0.800000,1,0,0,0,0,0,0.000000,0.000000,0.000000,false,true,0,0,1182,2702
rag,N6,negative,false,algorithm-zhou,nurse-cardiology,1200,160,3,0.650000,1,0,0,0,0,0,0.000000,0.000000,0.000000,false,true,0,0,1182,2702
rag,N6,negative,false,algorithm-zhou,nurse-cardiology,1200,160,3,0.700000,1,0,0,0,0,0,0.000000,0.000000,0.000000,false,true,0,0,1182,2702
rag,N6,negative,false,algorithm-zhou,nurse-cardiology,1200,160,3,0.720000,1,0,0,0,0,0,0.000000,0.000000,0.000000,false,true,0,0,1182,2702
rag,N6,negative,false,algorithm-zhou,nurse-cardiology,1200,160,3,0.750000,1,0,0,0,0,0,0.000000,0.000000,0.000000,false,true,0,0,1182,2702
rag,N6,negative,false,algorithm-zhou,nurse-cardiology,1200,160,3,0.800000,1,0,0,0,0,0,0.000000,0.000000,0.000000,false,true,0,0,1182,2702
rag,N6,negative,false,algorithm-zhou,nurse-cardiology,1200,160,5,0.650000,1,0,0,0,0,0,0.000000,0.000000,0.000000,false,true,0,0,1182,2702
rag,N6,negative,false,algorithm-zhou,nurse-cardiology,1200,160,5,0.700000,1,0,0,0,0,0,0.000000,0.000000,0.000000,false,true,0,0,1182,2702
rag,N6,negative,false,algorithm-zhou,nurse-cardiology,1200,160,5,0.720000,1,0,0,0,0,0,0.000000,0.000000,0.000000,false,true,0,0,1182,2702
rag,N6,negative,false,algorithm-zhou,nurse-cardiology,1200,160,5,0.750000,1,0,0,0,0,0,0.000000,0.000000,0.000000,false,true,0,0,1182,2702
rag,N6,negative,false,algorithm-zhou,nurse-cardiology,1200,160,5,0.800000,1,0,0,0,0,0,0.000000,0.000000,0.000000,false,true,0,0,1182,2702
full_text,H1,hard_negative,false,java-backend-chen,frontend-react,1200,160,0,0.000000,2,0,2,0,2,0,0.000000,0.000000,0.000000,true,false,1491,3341,1491,3341
rag,H1,hard_negative,false,java-backend-chen,frontend-react,1200,160,1,0.650000,2,0,1,0,1,0,0.000000,0.000000,0.000000,true,false,1190,2702,1491,3341
rag,H1,hard_negative,false,java-backend-chen,frontend-react,1200,160,1,0.700000,2,0,0,0,0,0,0.000000,0.000000,0.000000,false,true,0,0,1491,3341
rag,H1,hard_negative,false,java-backend-chen,frontend-react,1200,160,1,0.720000,2,0,0,0,0,0,0.000000,0.000000,0.000000,false,true,0,0,1491,3341
rag,H1,hard_negative,false,java-backend-chen,frontend-react,1200,160,1,0.750000,2,0,0,0,0,0,0.000000,0.000000,0.000000,false,true,0,0,1491,3341
rag,H1,hard_negative,false,java-backend-chen,frontend-react,1200,160,1,0.800000,2,0,0,0,0,0,0.000000,0.000000,0.000000,false,true,0,0,1491,3341
rag,H1,hard_negative,false,java-backend-chen,frontend-react,1200,160,3,0.650000,2,0,1,0,1,0,0.000000,0.000000,0.000000,true,false,1190,2702,1491,3341
rag,H1,hard_negative,false,java-backend-chen,frontend-react,1200,160,3,0.700000,2,0,0,0,0,0,0.000000,0.000000,0.000000,false,true,0,0,1491,3341
rag,H1,hard_negative,false,java-backend-chen,frontend-react,1200,160,3,0.720000,2,0,0,0,0,0,0.000000,0.000000,0.000000,false,true,0,0,1491,3341
rag,H1,hard_negative,false,java-backend-chen,frontend-react,1200,160,3,0.750000,2,0,0,0,0,0,0.000000,0.000000,0.000000,false,true,0,0,1491,3341
rag,H1,hard_negative,false,java-backend-chen,frontend-react,1200,160,3,0.800000,2,0,0,0,0,0,0.000000,0.000000,0.000000,false,true,0,0,1491,3341
rag,H1,hard_negative,false,java-backend-chen,frontend-react,1200,160,5,0.650000,2,0,1,0,1,0,0.000000,0.000000,0.000000,true,false,1190,2702,1491,3341
rag,H1,hard_negative,false,java-backend-chen,frontend-react,1200,160,5,0.700000,2,0,0,0,0,0,0.000000,0.000000,0.000000,false,true,0,0,1491,3341
rag,H1,hard_negative,false,java-backend-chen,frontend-react,1200,160,5,0.720000,2,0,0,0,0,0,0.000000,0.000000,0.000000,false,true,0,0,1491,3341
rag,H1,hard_negative,false,java-backend-chen,frontend-react,1200,160,5,0.750000,2,0,0,0,0,0,0.000000,0.000000,0.000000,false,true,0,0,1491,3341
rag,H1,hard_negative,false,java-backend-chen,frontend-react,1200,160,5,0.800000,2,0,0,0,0,0,0.000000,0.000000,0.000000,false,true,0,0,1491,3341
full_text,H2,hard_negative,false,frontend-lin,java-backend-payment,1200,160,0,0.000000,2,0,2,0,2,0,0.000000,0.000000,0.000000,true,false,1453,3017,1453,3017
rag,H2,hard_negative,false,frontend-lin,java-backend-payment,1200,160,1,0.650000,2,0,1,0,1,0,0.000000,0.000000,0.000000,true,false,1199,2461,1453,3017
rag,H2,hard_negative,false,frontend-lin,java-backend-payment,1200,160,1,0.700000,2,0,0,0,0,0,0.000000,0.000000,0.000000,false,true,0,0,1453,3017
rag,H2,hard_negative,false,frontend-lin,java-backend-payment,1200,160,1,0.720000,2,0,0,0,0,0,0.000000,0.000000,0.000000,false,true,0,0,1453,3017
rag,H2,hard_negative,false,frontend-lin,java-backend-payment,1200,160,1,0.750000,2,0,0,0,0,0,0.000000,0.000000,0.000000,false,true,0,0,1453,3017
rag,H2,hard_negative,false,frontend-lin,java-backend-payment,1200,160,1,0.800000,2,0,0,0,0,0,0.000000,0.000000,0.000000,false,true,0,0,1453,3017
rag,H2,hard_negative,false,frontend-lin,java-backend-payment,1200,160,3,0.650000,2,0,2,0,2,0,0.000000,0.000000,0.000000,true,false,1561,3311,1453,3017
rag,H2,hard_negative,false,frontend-lin,java-backend-payment,1200,160,3,0.700000,2,0,0,0,0,0,0.000000,0.000000,0.000000,false,true,0,0,1453,3017
rag,H2,hard_negative,false,frontend-lin,java-backend-payment,1200,160,3,0.720000,2,0,0,0,0,0,0.000000,0.000000,0.000000,false,true,0,0,1453,3017
rag,H2,hard_negative,false,frontend-lin,java-backend-payment,1200,160,3,0.750000,2,0,0,0,0,0,0.000000,0.000000,0.000000,false,true,0,0,1453,3017
rag,H2,hard_negative,false,frontend-lin,java-backend-payment,1200,160,3,0.800000,2,0,0,0,0,0,0.000000,0.000000,0.000000,false,true,0,0,1453,3017
rag,H2,hard_negative,false,frontend-lin,java-backend-payment,1200,160,5,0.650000,2,0,2,0,2,0,0.000000,0.000000,0.000000,true,false,1561,3311,1453,3017
rag,H2,hard_negative,false,frontend-lin,java-backend-payment,1200,160,5,0.700000,2,0,0,0,0,0,0.000000,0.000000,0.000000,false,true,0,0,1453,3017
rag,H2,hard_negative,false,frontend-lin,java-backend-payment,1200,160,5,0.720000,2,0,0,0,0,0,0.000000,0.000000,0.000000,false,true,0,0,1453,3017
rag,H2,hard_negative,false,frontend-lin,java-backend-payment,1200,160,5,0.750000,2,0,0,0,0,0,0.000000,0.000000,0.000000,false,true,0,0,1453,3017
rag,H2,hard_negative,false,frontend-lin,java-backend-payment,1200,160,5,0.800000,2,0,0,0,0,0,0.000000,0.000000,0.000000,false,true,0,0,1453,3017
full_text,H3,hard_negative,false,algorithm-zhou,data-analyst,1200,160,0,0.000000,1,0,1,0,1,0,0.000000,0.000000,0.000000,true,false,1182,2702,1182,2702
rag,H3,hard_negative,false,algorithm-zhou,data-analyst,1200,160,1,0.650000,1,0,0,0,0,0,0.000000,0.000000,0.000000,false,true,0,0,1182,2702
rag,H3,hard_negative,false,algorithm-zhou,data-analyst,1200,160,1,0.700000,1,0,0,0,0,0,0.000000,0.000000,0.000000,false,true,0,0,1182,2702
rag,H3,hard_negative,false,algorithm-zhou,data-analyst,1200,160,1,0.720000,1,0,0,0,0,0,0.000000,0.000000,0.000000,false,true,0,0,1182,2702
rag,H3,hard_negative,false,algorithm-zhou,data-analyst,1200,160,1,0.750000,1,0,0,0,0,0,0.000000,0.000000,0.000000,false,true,0,0,1182,2702
rag,H3,hard_negative,false,algorithm-zhou,data-analyst,1200,160,1,0.800000,1,0,0,0,0,0,0.000000,0.000000,0.000000,false,true,0,0,1182,2702
rag,H3,hard_negative,false,algorithm-zhou,data-analyst,1200,160,3,0.650000,1,0,0,0,0,0,0.000000,0.000000,0.000000,false,true,0,0,1182,2702
rag,H3,hard_negative,false,algorithm-zhou,data-analyst,1200,160,3,0.700000,1,0,0,0,0,0,0.000000,0.000000,0.000000,false,true,0,0,1182,2702
rag,H3,hard_negative,false,algorithm-zhou,data-analyst,1200,160,3,0.720000,1,0,0,0,0,0,0.000000,0.000000,0.000000,false,true,0,0,1182,2702
rag,H3,hard_negative,false,algorithm-zhou,data-analyst,1200,160,3,0.750000,1,0,0,0,0,0,0.000000,0.000000,0.000000,false,true,0,0,1182,2702
rag,H3,hard_negative,false,algorithm-zhou,data-analyst,1200,160,3,0.800000,1,0,0,0,0,0,0.000000,0.000000,0.000000,false,true,0,0,1182,2702
rag,H3,hard_negative,false,algorithm-zhou,data-analyst,1200,160,5,0.650000,1,0,0,0,0,0,0.000000,0.000000,0.000000,false,true,0,0,1182,2702
rag,H3,hard_negative,false,algorithm-zhou,data-analyst,1200,160,5,0.700000,1,0,0,0,0,0,0.000000,0.000000,0.000000,false,true,0,0,1182,2702
rag,H3,hard_negative,false,algorithm-zhou,data-analyst,1200,160,5,0.720000,1,0,0,0,0,0,0.000000,0.000000,0.000000,false,true,0,0,1182,2702
rag,H3,hard_negative,false,algorithm-zhou,data-analyst,1200,160,5,0.750000,1,0,0,0,0,0,0.000000,0.000000,0.000000,false,true,0,0,1182,2702
rag,H3,hard_negative,false,algorithm-zhou,data-analyst,1200,160,5,0.800000,1,0,0,0,0,0,0.000000,0.000000,0.000000,false,true,0,0,1182,2702
full_text,H4,hard_negative,false,analyst-wu,algorithm-recsys,1200,160,0,0.000000,1,0,1,0,1,0,0.000000,0.000000,0.000000,true,false,1056,2512,1056,2512
rag,H4,hard_negative,false,analyst-wu,algorithm-recsys,1200,160,1,0.650000,1,0,1,0,1,0,0.000000,0.000000,0.000000,true,false,1010,2466,1056,2512
rag,H4,hard_negative,false,analyst-wu,algorithm-recsys,1200,160,1,0.700000,1,0,0,0,0,0,0.000000,0.000000,0.000000,false,true,0,0,1056,2512
rag,H4,hard_negative,false,analyst-wu,algorithm-recsys,1200,160,1,0.720000,1,0,0,0,0,0,0.000000,0.000000,0.000000,false,true,0,0,1056,2512
rag,H4,hard_negative,false,analyst-wu,algorithm-recsys,1200,160,1,0.750000,1,0,0,0,0,0,0.000000,0.000000,0.000000,false,true,0,0,1056,2512
rag,H4,hard_negative,false,analyst-wu,algorithm-recsys,1200,160,1,0.800000,1,0,0,0,0,0,0.000000,0.000000,0.000000,false,true,0,0,1056,2512
rag,H4,hard_negative,false,analyst-wu,algorithm-recsys,1200,160,3,0.650000,1,0,1,0,1,0,0.000000,0.000000,0.000000,true,false,1010,2466,1056,2512
rag,H4,hard_negative,false,analyst-wu,algorithm-recsys,1200,160,3,0.700000,1,0,0,0,0,0,0.000000,0.000000,0.000000,false,true,0,0,1056,2512
rag,H4,hard_negative,false,analyst-wu,algorithm-recsys,1200,160,3,0.720000,1,0,0,0,0,0,0.000000,0.000000,0.000000,false,true,0,0,1056,2512
rag,H4,hard_negative,false,analyst-wu,algorithm-recsys,1200,160,3,0.750000,1,0,0,0,0,0,0.000000,0.000000,0.000000,false,true,0,0,1056,2512
rag,H4,hard_negative,false,analyst-wu,algorithm-recsys,1200,160,3,0.800000,1,0,0,0,0,0,0.000000,0.000000,0.000000,false,true,0,0,1056,2512
rag,H4,hard_negative,false,analyst-wu,algorithm-recsys,1200,160,5,0.650000,1,0,1,0,1,0,0.000000,0.000000,0.000000,true,false,1010,2466,1056,2512
rag,H4,hard_negative,false,analyst-wu,algorithm-recsys,1200,160,5,0.700000,1,0,0,0,0,0,0.000000,0.000000,0.000000,false,true,0,0,1056,2512
rag,H4,hard_negative,false,analyst-wu,algorithm-recsys,1200,160,5,0.720000,1,0,0,0,0,0,0.000000,0.000000,0.000000,false,true,0,0,1056,2512
rag,H4,hard_negative,false,analyst-wu,algorithm-recsys,1200,160,5,0.750000,1,0,0,0,0,0,0.000000,0.000000,0.000000,false,true,0,0,1056,2512
rag,H4,hard_negative,false,analyst-wu,algorithm-recsys,1200,160,5,0.800000,1,0,0,0,0,0,0.000000,0.000000,0.000000,false,true,0,0,1056,2512
full_text,H5,hard_negative,false,java-backend-chen,algorithm-recsys,1200,160,0,0.000000,2,0,2,0,2,0,0.000000,0.000000,0.000000,true,false,1491,3341,1491,3341
rag,H5,hard_negative,false,java-backend-chen,algorithm-recsys,1200,160,1,0.650000,2,0,0,0,0,0,0.000000,0.000000,0.000000,false,true,0,0,1491,3341
rag,H5,hard_negative,false,java-backend-chen,algorithm-recsys,1200,160,1,0.700000,2,0,0,0,0,0,0.000000,0.000000,0.000000,false,true,0,0,1491,3341
rag,H5,hard_negative,false,java-backend-chen,algorithm-recsys,1200,160,1,0.720000,2,0,0,0,0,0,0.000000,0.000000,0.000000,false,true,0,0,1491,3341
rag,H5,hard_negative,false,java-backend-chen,algorithm-recsys,1200,160,1,0.750000,2,0,0,0,0,0,0.000000,0.000000,0.000000,false,true,0,0,1491,3341
rag,H5,hard_negative,false,java-backend-chen,algorithm-recsys,1200,160,1,0.800000,2,0,0,0,0,0,0.000000,0.000000,0.000000,false,true,0,0,1491,3341
rag,H5,hard_negative,false,java-backend-chen,algorithm-recsys,1200,160,3,0.650000,2,0,0,0,0,0,0.000000,0.000000,0.000000,false,true,0,0,1491,3341
rag,H5,hard_negative,false,java-backend-chen,algorithm-recsys,1200,160,3,0.700000,2,0,0,0,0,0,0.000000,0.000000,0.000000,false,true,0,0,1491,3341
rag,H5,hard_negative,false,java-backend-chen,algorithm-recsys,1200,160,3,0.720000,2,0,0,0,0,0,0.000000,0.000000,0.000000,false,true,0,0,1491,3341
rag,H5,hard_negative,false,java-backend-chen,algorithm-recsys,1200,160,3,0.750000,2,0,0,0,0,0,0.000000,0.000000,0.000000,false,true,0,0,1491,3341
rag,H5,hard_negative,false,java-backend-chen,algorithm-recsys,1200,160,3,0.800000,2,0,0,0,0,0,0.000000,0.000000,0.000000,false,true,0,0,1491,3341
rag,H5,hard_negative,false,java-backend-chen,algorithm-recsys,1200,160,5,0.650000,2,0,0,0,0,0,0.000000,0.000000,0.000000,false,true,0,0,1491,3341
rag,H5,hard_negative,false,java-backend-chen,algorithm-recsys,1200,160,5,0.700000,2,0,0,0,0,0,0.000000,0.000000,0.000000,false,true,0,0,1491,3341
rag,H5,hard_negative,false,java-backend-chen,algorithm-recsys,1200,160,5,0.720000,2,0,0,0,0,0,0.000000,0.000000,0.000000,false,true,0,0,1491,3341
rag,H5,hard_negative,false,java-backend-chen,algorithm-recsys,1200,160,5,0.750000,2,0,0,0,0,0,0.000000,0.000000,0.000000,false,true,0,0,1491,3341
rag,H5,hard_negative,false,java-backend-chen,algorithm-recsys,1200,160,5,0.800000,2,0,0,0,0,0,0.000000,0.000000,0.000000,false,true,0,0,1491,3341
full_text,H6,hard_negative,false,frontend-lin,data-analyst,1200,160,0,0.000000,2,0,2,0,2,0,0.000000,0.000000,0.000000,true,false,1453,3017,1453,3017
rag,H6,hard_negative,false,frontend-lin,data-analyst,1200,160,1,0.650000,2,0,0,0,0,0,0.000000,0.000000,0.000000,false,true,0,0,1453,3017
rag,H6,hard_negative,false,frontend-lin,data-analyst,1200,160,1,0.700000,2,0,0,0,0,0,0.000000,0.000000,0.000000,false,true,0,0,1453,3017
rag,H6,hard_negative,false,frontend-lin,data-analyst,1200,160,1,0.720000,2,0,0,0,0,0,0.000000,0.000000,0.000000,false,true,0,0,1453,3017
rag,H6,hard_negative,false,frontend-lin,data-analyst,1200,160,1,0.750000,2,0,0,0,0,0,0.000000,0.000000,0.000000,false,true,0,0,1453,3017
rag,H6,hard_negative,false,frontend-lin,data-analyst,1200,160,1,0.800000,2,0,0,0,0,0,0.000000,0.000000,0.000000,false,true,0,0,1453,3017
rag,H6,hard_negative,false,frontend-lin,data-analyst,1200,160,3,0.650000,2,0,0,0,0,0,0.000000,0.000000,0.000000,false,true,0,0,1453,3017
rag,H6,hard_negative,false,frontend-lin,data-analyst,1200,160,3,0.700000,2,0,0,0,0,0,0.000000,0.000000,0.000000,false,true,0,0,1453,3017
rag,H6,hard_negative,false,frontend-lin,data-analyst,1200,160,3,0.720000,2,0,0,0,0,0,0.000000,0.000000,0.000000,false,true,0,0,1453,3017
rag,H6,hard_negative,false,frontend-lin,data-analyst,1200,160,3,0.750000,2,0,0,0,0,0,0.000000,0.000000,0.000000,false,true,0,0,1453,3017
rag,H6,hard_negative,false,frontend-lin,data-analyst,1200,160,3,0.800000,2,0,0,0,0,0,0.000000,0.000000,0.000000,false,true,0,0,1453,3017
rag,H6,hard_negative,false,frontend-lin,data-analyst,1200,160,5,0.650000,2,0,0,0,0,0,0.000000,0.000000,0.000000,false,true,0,0,1453,3017
rag,H6,hard_negative,false,frontend-lin,data-analyst,1200,160,5,0.700000,2,0,0,0,0,0,0.000000,0.000000,0.000000,false,true,0,0,1453,3017
rag,H6,hard_negative,false,frontend-lin,data-analyst,1200,160,5,0.720000,2,0,0,0,0,0,0.000000,0.000000,0.000000,false,true,0,0,1453,3017
rag,H6,hard_negative,false,frontend-lin,data-analyst,1200,160,5,0.750000,2,0,0,0,0,0,0.000000,0.000000,0.000000,false,true,0,0,1453,3017
rag,H6,hard_negative,false,frontend-lin,data-analyst,1200,160,5,0.800000,2,0,0,0,0,0,0.000000,0.000000,0.000000,false,true,0,0,1453,3017
